id,title,brand,category,subcategory,description,your_cost_usd,normal_value_usd,offer_type,conditions,requires_card,location_scope,country,state,city,online,source_url,verification_status,last_checked,confidence,publish_ready,notes
1,BronxArtSpace — Free Admission,BronxArtSpace,GO FREE,Museum / Culture,Free admission according to NYC Department of Cultural Affairs listing.,0,,Always free / listed free,"Check hours, reservation rules, and ticketed special exhibitions.",Unknown,Local,US,NY,New York City,NO,https://www.nyc.gov/site/dcla/resources/free-and-suggested-admission.page,Verified via NYC DCLA aggregate,2026-08-18,High,YES,
2,Bronx Museum — Free Admission,Bronx Museum,GO FREE,Museum / Culture,Free admission according to NYC Department of Cultural Affairs listing.,0,,Always free / listed free,"Check hours, reservation rules, and ticketed special exhibitions.",Unknown,Local,US,NY,New York City,NO,https://www.nyc.gov/site/dcla/resources/free-and-suggested-admission.page,Verified via NYC DCLA aggregate,2026-08-18,High,YES,
3,Defner Judaica Museum — Free Admission,Defner Judaica Museum,GO FREE,Museum / Culture,Free admission according to NYC Department of Cultural Affairs listing.,0,,Always free / listed free,"Check hours, reservation rules, and ticketed special exhibitions.",Unknown,Local,US,NY,New York City,NO,https://www.nyc.gov/site/dcla/resources/free-and-suggested-admission.page,Verified via NYC DCLA aggregate,2026-08-18,High,YES,
4,Lehman College Art Gallery — Free Admission,Lehman College Art Gallery,GO FREE,Museum / Culture,Free admission according to NYC Department of Cultural Affairs listing.,0,,Always free / listed free,"Check hours, reservation rules, and ticketed special exhibitions.",Unknown,Local,US,NY,New York City,NO,https://www.nyc.gov/site/dcla/resources/free-and-suggested-admission.page,Verified via NYC DCLA aggregate,2026-08-18,High,YES,
5,Longwood Art Gallery — Free Admission,Longwood Art Gallery,GO FREE,Museum / Culture,Free admission according to NYC Department of Cultural Affairs listing.,0,,Always free / listed free,"Check hours, reservation rules, and ticketed special exhibitions.",Unknown,Local,US,NY,New York City,NO,https://www.nyc.gov/site/dcla/resources/free-and-suggested-admission.page,Verified via NYC DCLA aggregate,2026-08-18,High,YES,
6,The Agnes Varis Art Center at UrbanGlass — Free Admission,The Agnes Varis Art Center at UrbanGlass,GO FREE,Museum / Culture,Free admission according to NYC Department of Cultural Affairs listing.,0,,Always free / listed free,"Check hours, reservation rules, and ticketed special exhibitions.",Unknown,Local,US,NY,New York City,NO,https://www.nyc.gov/site/dcla/resources/free-and-suggested-admission.page,Verified via NYC DCLA aggregate,2026-08-18,High,YES,
7,I.R Gallery — Free Admission,I.R Gallery,GO FREE,Museum / Culture,Free admission according to NYC Department of Cultural Affairs listing.,0,,Always free / listed free,"Check hours, reservation rules, and ticketed special exhibitions.",Unknown,Local,US,NY,New York City,NO,https://www.nyc.gov/site/dcla/resources/free-and-suggested-admission.page,Verified via NYC DCLA aggregate,2026-08-18,High,YES,
8,Amant — Free Admission,Amant,GO FREE,Museum / Culture,Free admission according to NYC Department of Cultural Affairs listing.,0,,Always free / listed free,"Check hours, reservation rules, and ticketed special exhibitions.",Unknown,Local,US,NY,New York City,NO,https://www.nyc.gov/site/dcla/resources/free-and-suggested-admission.page,Verified via NYC DCLA aggregate,2026-08-18,High,YES,
9,BRIC House Exhibitions — Free Admission,BRIC House Exhibitions,GO FREE,Museum / Culture,Free admission according to NYC Department of Cultural Affairs listing.,0,,Always free / listed free,"Check hours, reservation rules, and ticketed special exhibitions.",Unknown,Local,US,NY,New York City,NO,https://www.nyc.gov/site/dcla/resources/free-and-suggested-admission.page,Verified via NYC DCLA aggregate,2026-08-18,High,YES,
10,Brooklyn Central Library — Free Admission,Brooklyn Central Library,GO FREE,Museum / Culture,Free admission according to NYC Department of Cultural Affairs listing.,0,,Always free / listed free,"Check hours, reservation rules, and ticketed special exhibitions.",Unknown,Local,US,NY,New York City,NO,https://www.nyc.gov/site/dcla/resources/free-and-suggested-admission.page,Verified via NYC DCLA aggregate,2026-08-18,High,YES,
11,Center for Brooklyn History — Free Admission,Center for Brooklyn History,GO FREE,Museum / Culture,Free admission according to NYC Department of Cultural Affairs listing.,0,,Always free / listed free,"Check hours, reservation rules, and ticketed special exhibitions.",Unknown,Local,US,NY,New York City,NO,https://www.nyc.gov/site/dcla/resources/free-and-suggested-admission.page,Verified via NYC DCLA aggregate,2026-08-18,High,YES,
12,Coney Island History Project — Free Admission,Coney Island History Project,GO FREE,Museum / Culture,Free admission according to NYC Department of Cultural Affairs listing.,0,,Always free / listed free,"Check hours, reservation rules, and ticketed special exhibitions.",Unknown,Local,US,NY,New York City,NO,https://www.nyc.gov/site/dcla/resources/free-and-suggested-admission.page,Verified via NYC DCLA aggregate,2026-08-18,High,YES,
13,Five Myles — Free Admission,Five Myles,GO FREE,Museum / Culture,Free admission according to NYC Department of Cultural Affairs listing.,0,,Always free / listed free,"Check hours, reservation rules, and ticketed special exhibitions.",Unknown,Local,US,NY,New York City,NO,https://www.nyc.gov/site/dcla/resources/free-and-suggested-admission.page,Verified via NYC DCLA aggregate,2026-08-18,High,YES,
14,Green-Wood Cemetery — Free Admission,Green-Wood Cemetery,GO FREE,Museum / Culture,Free admission according to NYC Department of Cultural Affairs listing.,0,,Always free / listed free,"Check hours, reservation rules, and ticketed special exhibitions.",Unknown,Local,US,NY,New York City,NO,https://www.nyc.gov/site/dcla/resources/free-and-suggested-admission.page,Verified via NYC DCLA aggregate,2026-08-18,High,YES,
15,Lefferts Historic House Museum — Free Admission,Lefferts Historic House Museum,GO FREE,Museum / Culture,Free admission according to NYC Department of Cultural Affairs listing.,0,,Always free / listed free,"Check hours, reservation rules, and ticketed special exhibitions.",Unknown,Local,US,NY,New York City,NO,https://www.nyc.gov/site/dcla/resources/free-and-suggested-admission.page,Verified via NYC DCLA aggregate,2026-08-18,High,YES,
16,Pioneer Works — Free Admission,Pioneer Works,GO FREE,Museum / Culture,Free admission according to NYC Department of Cultural Affairs listing.,0,,Always free / listed free,"Check hours, reservation rules, and ticketed special exhibitions.",Unknown,Local,US,NY,New York City,NO,https://www.nyc.gov/site/dcla/resources/free-and-suggested-admission.page,Verified via NYC DCLA aggregate,2026-08-18,High,YES,
17,9/11 Memorial — Free Admission,9/11 Memorial,GO FREE,Museum / Culture,Free admission according to NYC Department of Cultural Affairs listing.,0,,Always free / listed free,"Check hours, reservation rules, and ticketed special exhibitions.",Unknown,Local,US,NY,New York City,NO,https://www.nyc.gov/site/dcla/resources/free-and-suggested-admission.page,Verified via NYC DCLA aggregate,2026-08-18,High,YES,
18,52nd Street Project — Free Admission,52nd Street Project,GO FREE,Museum / Culture,Free admission according to NYC Department of Cultural Affairs listing.,0,,Always free / listed free,"Check hours, reservation rules, and ticketed special exhibitions.",Unknown,Local,US,NY,New York City,NO,https://www.nyc.gov/site/dcla/resources/free-and-suggested-admission.page,Verified via NYC DCLA aggregate,2026-08-18,High,YES,
19,Abrons Art Center — Free Admission,Abrons Art Center,GO FREE,Museum / Culture,Free admission according to NYC Department of Cultural Affairs listing.,0,,Always free / listed free,"Check hours, reservation rules, and ticketed special exhibitions.",Unknown,Local,US,NY,New York City,NO,https://www.nyc.gov/site/dcla/resources/free-and-suggested-admission.page,Verified via NYC DCLA aggregate,2026-08-18,High,YES,
20,Africa Center — Free Admission,Africa Center,GO FREE,Museum / Culture,Free admission according to NYC Department of Cultural Affairs listing.,0,,Always free / listed free,"Check hours, reservation rules, and ticketed special exhibitions.",Unknown,Local,US,NY,New York City,NO,https://www.nyc.gov/site/dcla/resources/free-and-suggested-admission.page,Verified via NYC DCLA aggregate,2026-08-18,High,YES,
21,African Burial Ground National Monument — Free Admission,African Burial Ground National Monument,GO FREE,Museum / Culture,Free admission according to NYC Department of Cultural Affairs listing.,0,,Always free / listed free,"Check hours, reservation rules, and ticketed special exhibitions.",Unknown,Local,US,NY,New York City,NO,https://www.nyc.gov/site/dcla/resources/free-and-suggested-admission.page,Verified via NYC DCLA aggregate,2026-08-18,High,YES,
22,American Academy of Arts and Letters — Free Admission,American Academy of Arts and Letters,GO FREE,Museum / Culture,Free admission according to NYC Department of Cultural Affairs listing.,0,,Always free / listed free,"Check hours, reservation rules, and ticketed special exhibitions.",Unknown,Local,US,NY,New York City,NO,https://www.nyc.gov/site/dcla/resources/free-and-suggested-admission.page,Verified via NYC DCLA aggregate,2026-08-18,High,YES,
23,American Folk Art Museum — Free Admission,American Folk Art Museum,GO FREE,Museum / Culture,Free admission according to NYC Department of Cultural Affairs listing.,0,,Always free / listed free,"Check hours, reservation rules, and ticketed special exhibitions.",Unknown,Local,US,NY,New York City,NO,https://www.nyc.gov/site/dcla/resources/free-and-suggested-admission.page,Verified via NYC DCLA aggregate,2026-08-18,High,YES,
24,Americas Society — Free Admission,Americas Society,GO FREE,Museum / Culture,Free admission according to NYC Department of Cultural Affairs listing.,0,,Always free / listed free,"Check hours, reservation rules, and ticketed special exhibitions.",Unknown,Local,US,NY,New York City,NO,https://www.nyc.gov/site/dcla/resources/free-and-suggested-admission.page,Verified via NYC DCLA aggregate,2026-08-18,High,YES,
25,The Arsenal Gallery — Free Admission,The Arsenal Gallery,GO FREE,Museum / Culture,Free admission according to NYC Department of Cultural Affairs listing.,0,,Always free / listed free,"Check hours, reservation rules, and ticketed special exhibitions.",Unknown,Local,US,NY,New York City,NO,https://www.nyc.gov/site/dcla/resources/free-and-suggested-admission.page,Verified via NYC DCLA aggregate,2026-08-18,High,YES,
26,The Arts Center at Governors Island - LMCC — Free Admission,The Arts Center at Governors Island - LMCC,GO FREE,Museum / Culture,Free admission according to NYC Department of Cultural Affairs listing.,0,,Always free / listed free,"Check hours, reservation rules, and ticketed special exhibitions.",Unknown,Local,US,NY,New York City,NO,https://www.nyc.gov/site/dcla/resources/free-and-suggested-admission.page,Verified via NYC DCLA aggregate,2026-08-18,High,YES,
27,Castle Clinton National Monument — Free Admission,Castle Clinton National Monument,GO FREE,Museum / Culture,Free admission according to NYC Department of Cultural Affairs listing.,0,,Always free / listed free,"Check hours, reservation rules, and ticketed special exhibitions.",Unknown,Local,US,NY,New York City,NO,https://www.nyc.gov/site/dcla/resources/free-and-suggested-admission.page,Verified via NYC DCLA aggregate,2026-08-18,High,YES,
28,Center for Architecture — Free Admission,Center for Architecture,GO FREE,Museum / Culture,Free admission according to NYC Department of Cultural Affairs listing.,0,,Always free / listed free,"Check hours, reservation rules, and ticketed special exhibitions.",Unknown,Local,US,NY,New York City,NO,https://www.nyc.gov/site/dcla/resources/free-and-suggested-admission.page,Verified via NYC DCLA aggregate,2026-08-18,High,YES,
29,"Center for Art, Research, and Alliances (CARA) — Free Admission","Center for Art, Research, and Alliances (CARA)",GO FREE,Museum / Culture,Free admission according to NYC Department of Cultural Affairs listing.,0,,Always free / listed free,"Check hours, reservation rules, and ticketed special exhibitions.",Unknown,Local,US,NY,New York City,NO,https://www.nyc.gov/site/dcla/resources/free-and-suggested-admission.page,Verified via NYC DCLA aggregate,2026-08-18,High,YES,
30,Center for Jewish History — Free Admission,Center for Jewish History,GO FREE,Museum / Culture,Free admission according to NYC Department of Cultural Affairs listing.,0,,Always free / listed free,"Check hours, reservation rules, and ticketed special exhibitions.",Unknown,Local,US,NY,New York City,NO,https://www.nyc.gov/site/dcla/resources/free-and-suggested-admission.page,Verified via NYC DCLA aggregate,2026-08-18,High,YES,
31,CUE Art Foundation — Free Admission,CUE Art Foundation,GO FREE,Museum / Culture,Free admission according to NYC Department of Cultural Affairs listing.,0,,Always free / listed free,"Check hours, reservation rules, and ticketed special exhibitions.",Unknown,Local,US,NY,New York City,NO,https://www.nyc.gov/site/dcla/resources/free-and-suggested-admission.page,Verified via NYC DCLA aggregate,2026-08-18,High,YES,
32,David Rubenstein Atrium at Lincoln Center — Free Admission,David Rubenstein Atrium at Lincoln Center,GO FREE,Museum / Culture,Free admission according to NYC Department of Cultural Affairs listing.,0,,Always free / listed free,"Check hours, reservation rules, and ticketed special exhibitions.",Unknown,Local,US,NY,New York City,NO,https://www.nyc.gov/site/dcla/resources/free-and-suggested-admission.page,Verified via NYC DCLA aggregate,2026-08-18,High,YES,
33,The Denny Farrell Greenhouse and Education Center — Free Admission,The Denny Farrell Greenhouse and Education Center,GO FREE,Museum / Culture,Free admission according to NYC Department of Cultural Affairs listing.,0,,Always free / listed free,"Check hours, reservation rules, and ticketed special exhibitions.",Unknown,Local,US,NY,New York City,NO,https://www.nyc.gov/site/dcla/resources/free-and-suggested-admission.page,Verified via NYC DCLA aggregate,2026-08-18,High,YES,
34,The Drawing Center — Free Admission,The Drawing Center,GO FREE,Museum / Culture,Free admission according to NYC Department of Cultural Affairs listing.,0,,Always free / listed free,"Check hours, reservation rules, and ticketed special exhibitions.",Unknown,Local,US,NY,New York City,NO,https://www.nyc.gov/site/dcla/resources/free-and-suggested-admission.page,Verified via NYC DCLA aggregate,2026-08-18,High,YES,
35,Elizabeth Foundation for the Arts — Free Admission,Elizabeth Foundation for the Arts,GO FREE,Museum / Culture,Free admission according to NYC Department of Cultural Affairs listing.,0,,Always free / listed free,"Check hours, reservation rules, and ticketed special exhibitions.",Unknown,Local,US,NY,New York City,NO,https://www.nyc.gov/site/dcla/resources/free-and-suggested-admission.page,Verified via NYC DCLA aggregate,2026-08-18,High,YES,
36,Federal Hall National Memorial — Free Admission,Federal Hall National Memorial,GO FREE,Museum / Culture,Free admission according to NYC Department of Cultural Affairs listing.,0,,Always free / listed free,"Check hours, reservation rules, and ticketed special exhibitions.",Unknown,Local,US,NY,New York City,NO,https://www.nyc.gov/site/dcla/resources/free-and-suggested-admission.page,Verified via NYC DCLA aggregate,2026-08-18,High,YES,
37,General Grant National Memorial — Free Admission,General Grant National Memorial,GO FREE,Museum / Culture,Free admission according to NYC Department of Cultural Affairs listing.,0,,Always free / listed free,"Check hours, reservation rules, and ticketed special exhibitions.",Unknown,Local,US,NY,New York City,NO,https://www.nyc.gov/site/dcla/resources/free-and-suggested-admission.page,Verified via NYC DCLA aggregate,2026-08-18,High,YES,
38,The Grolier Club — Free Admission,The Grolier Club,GO FREE,Museum / Culture,Free admission according to NYC Department of Cultural Affairs listing.,0,,Always free / listed free,"Check hours, reservation rules, and ticketed special exhibitions.",Unknown,Local,US,NY,New York City,NO,https://www.nyc.gov/site/dcla/resources/free-and-suggested-admission.page,Verified via NYC DCLA aggregate,2026-08-18,High,YES,
39,Hamilton Grange National Memorial — Free Admission,Hamilton Grange National Memorial,GO FREE,Museum / Culture,Free admission according to NYC Department of Cultural Affairs listing.,0,,Always free / listed free,"Check hours, reservation rules, and ticketed special exhibitions.",Unknown,Local,US,NY,New York City,NO,https://www.nyc.gov/site/dcla/resources/free-and-suggested-admission.page,Verified via NYC DCLA aggregate,2026-08-18,High,YES,
40,The High Line — Free Admission,The High Line,GO FREE,Museum / Culture,Free admission according to NYC Department of Cultural Affairs listing.,0,,Always free / listed free,"Check hours, reservation rules, and ticketed special exhibitions.",Unknown,Local,US,NY,New York City,NO,https://www.nyc.gov/site/dcla/resources/free-and-suggested-admission.page,Verified via NYC DCLA aggregate,2026-08-18,High,YES,
41,Horological Society of New York — Free Admission,Horological Society of New York,GO FREE,Museum / Culture,Free admission according to NYC Department of Cultural Affairs listing.,0,,Always free / listed free,"Check hours, reservation rules, and ticketed special exhibitions.",Unknown,Local,US,NY,New York City,NO,https://www.nyc.gov/site/dcla/resources/free-and-suggested-admission.page,Verified via NYC DCLA aggregate,2026-08-18,High,YES,
42,Hunter College Art Galleries — Free Admission,Hunter College Art Galleries,GO FREE,Museum / Culture,Free admission according to NYC Department of Cultural Affairs listing.,0,,Always free / listed free,"Check hours, reservation rules, and ticketed special exhibitions.",Unknown,Local,US,NY,New York City,NO,https://www.nyc.gov/site/dcla/resources/free-and-suggested-admission.page,Verified via NYC DCLA aggregate,2026-08-18,High,YES,
43,NYU Institute for the Study of the Ancient World — Free Admission,NYU Institute for the Study of the Ancient World,GO FREE,Museum / Culture,Free admission according to NYC Department of Cultural Affairs listing.,0,,Always free / listed free,"Check hours, reservation rules, and ticketed special exhibitions.",Unknown,Local,US,NY,New York City,NO,https://www.nyc.gov/site/dcla/resources/free-and-suggested-admission.page,Verified via NYC DCLA aggregate,2026-08-18,High,YES,
44,Irish Arts Center Gallery — Free Admission,Irish Arts Center Gallery,GO FREE,Museum / Culture,Free admission according to NYC Department of Cultural Affairs listing.,0,,Always free / listed free,"Check hours, reservation rules, and ticketed special exhibitions.",Unknown,Local,US,NY,New York City,NO,https://www.nyc.gov/site/dcla/resources/free-and-suggested-admission.page,Verified via NYC DCLA aggregate,2026-08-18,High,YES,
45,The James Gallery at CUNY Graduate Center — Free Admission,The James Gallery at CUNY Graduate Center,GO FREE,Museum / Culture,Free admission according to NYC Department of Cultural Affairs listing.,0,,Always free / listed free,"Check hours, reservation rules, and ticketed special exhibitions.",Unknown,Local,US,NY,New York City,NO,https://www.nyc.gov/site/dcla/resources/free-and-suggested-admission.page,Verified via NYC DCLA aggregate,2026-08-18,High,YES,
46,Kehila Kedosha Janina Synagogue and Museum — Free Admission,Kehila Kedosha Janina Synagogue and Museum,GO FREE,Museum / Culture,Free admission according to NYC Department of Cultural Affairs listing.,0,,Always free / listed free,"Check hours, reservation rules, and ticketed special exhibitions.",Unknown,Local,US,NY,New York City,NO,https://www.nyc.gov/site/dcla/resources/free-and-suggested-admission.page,Verified via NYC DCLA aggregate,2026-08-18,High,YES,
47,Lenfest Center for the Arts — Free Admission,Lenfest Center for the Arts,GO FREE,Museum / Culture,Free admission according to NYC Department of Cultural Affairs listing.,0,,Always free / listed free,"Check hours, reservation rules, and ticketed special exhibitions.",Unknown,Local,US,NY,New York City,NO,https://www.nyc.gov/site/dcla/resources/free-and-suggested-admission.page,Verified via NYC DCLA aggregate,2026-08-18,High,YES,
48,National Museum of the American Indian — New York — Free Admission,National Museum of the American Indian — New York,GO FREE,Museum / Culture,Free admission according to NYC Department of Cultural Affairs listing.,0,,Always free / listed free,"Check hours, reservation rules, and ticketed special exhibitions.",Unknown,Local,US,NY,New York City,NO,https://www.nyc.gov/site/dcla/resources/free-and-suggested-admission.page,Verified via NYC DCLA aggregate,2026-08-18,High,YES,
49,Nicholas Roerich Museum — Free Admission,Nicholas Roerich Museum,GO FREE,Museum / Culture,Free admission according to NYC Department of Cultural Affairs listing.,0,,Always free / listed free,"Check hours, reservation rules, and ticketed special exhibitions.",Unknown,Local,US,NY,New York City,NO,https://www.nyc.gov/site/dcla/resources/free-and-suggested-admission.page,Verified via NYC DCLA aggregate,2026-08-18,High,YES,
50,Print Center New York — Free Admission,Print Center New York,GO FREE,Museum / Culture,Free admission according to NYC Department of Cultural Affairs listing.,0,,Always free / listed free,"Check hours, reservation rules, and ticketed special exhibitions.",Unknown,Local,US,NY,New York City,NO,https://www.nyc.gov/site/dcla/resources/free-and-suggested-admission.page,Verified via NYC DCLA aggregate,2026-08-18,High,YES,
51,Rose Museum at Carnegie Hall — Free Admission,Rose Museum at Carnegie Hall,GO FREE,Museum / Culture,Free admission according to NYC Department of Cultural Affairs listing.,0,,Always free / listed free,"Check hours, reservation rules, and ticketed special exhibitions.",Unknown,Local,US,NY,New York City,NO,https://www.nyc.gov/site/dcla/resources/free-and-suggested-admission.page,Verified via NYC DCLA aggregate,2026-08-18,High,YES,
52,Salmagundi Club Public Galleries — Free Admission,Salmagundi Club Public Galleries,GO FREE,Museum / Culture,Free admission according to NYC Department of Cultural Affairs listing.,0,,Always free / listed free,"Check hours, reservation rules, and ticketed special exhibitions.",Unknown,Local,US,NY,New York City,NO,https://www.nyc.gov/site/dcla/resources/free-and-suggested-admission.page,Verified via NYC DCLA aggregate,2026-08-18,High,YES,
53,Schomburg Center for Research in Black Culture — Free Admission,Schomburg Center for Research in Black Culture,GO FREE,Museum / Culture,Free admission according to NYC Department of Cultural Affairs listing.,0,,Always free / listed free,"Check hours, reservation rules, and ticketed special exhibitions.",Unknown,Local,US,NY,New York City,NO,https://www.nyc.gov/site/dcla/resources/free-and-suggested-admission.page,Verified via NYC DCLA aggregate,2026-08-18,High,YES,
54,Sheila C. Johnson Design Center — Free Admission,Sheila C. Johnson Design Center,GO FREE,Museum / Culture,Free admission according to NYC Department of Cultural Affairs listing.,0,,Always free / listed free,"Check hours, reservation rules, and ticketed special exhibitions.",Unknown,Local,US,NY,New York City,NO,https://www.nyc.gov/site/dcla/resources/free-and-suggested-admission.page,Verified via NYC DCLA aggregate,2026-08-18,High,YES,
55,The Skyscraper Museum — Free Admission,The Skyscraper Museum,GO FREE,Museum / Culture,Free admission according to NYC Department of Cultural Affairs listing.,0,,Always free / listed free,"Check hours, reservation rules, and ticketed special exhibitions.",Unknown,Local,US,NY,New York City,NO,https://www.nyc.gov/site/dcla/resources/free-and-suggested-admission.page,Verified via NYC DCLA aggregate,2026-08-18,High,YES,
56,Smithsonian National Museum of Natural History — Free Admission,Smithsonian,GO FREE,Museum / Zoo,Smithsonian admission is free; some locations may require free timed-entry passes.,0,,Always free,Timed-entry or parking charges may apply at some locations.,Unknown,Local,US,DC/VA,Washington metro,NO,https://www.si.edu/visit/museums,Verified via Smithsonian,2026-08-18,High,YES,
57,Smithsonian National Museum of American History — Free Admission,Smithsonian,GO FREE,Museum / Zoo,Smithsonian admission is free; some locations may require free timed-entry passes.,0,,Always free,Timed-entry or parking charges may apply at some locations.,Unknown,Local,US,DC/VA,Washington metro,NO,https://www.si.edu/visit/museums,Verified via Smithsonian,2026-08-18,High,YES,
58,"National Air and Space Museum — Washington, DC — Free Admission",Smithsonian,GO FREE,Museum / Zoo,Smithsonian admission is free; some locations may require free timed-entry passes.,0,,Always free,Timed-entry or parking charges may apply at some locations.,Unknown,Local,US,DC/VA,Washington metro,NO,https://www.si.edu/visit/museums,Verified via Smithsonian,2026-08-18,High,YES,
59,National Museum of African American History and Culture — Free Admission,Smithsonian,GO FREE,Museum / Zoo,Smithsonian admission is free; some locations may require free timed-entry passes.,0,,Always free,Timed-entry or parking charges may apply at some locations.,Unknown,Local,US,DC/VA,Washington metro,NO,https://www.si.edu/visit/museums,Verified via Smithsonian,2026-08-18,High,YES,
60,"National Museum of the American Indian — Washington, DC — Free Admission",Smithsonian,GO FREE,Museum / Zoo,Smithsonian admission is free; some locations may require free timed-entry passes.,0,,Always free,Timed-entry or parking charges may apply at some locations.,Unknown,Local,US,DC/VA,Washington metro,NO,https://www.si.edu/visit/museums,Verified via Smithsonian,2026-08-18,High,YES,
61,Smithsonian American Art Museum — Free Admission,Smithsonian,GO FREE,Museum / Zoo,Smithsonian admission is free; some locations may require free timed-entry passes.,0,,Always free,Timed-entry or parking charges may apply at some locations.,Unknown,Local,US,DC/VA,Washington metro,NO,https://www.si.edu/visit/museums,Verified via Smithsonian,2026-08-18,High,YES,
62,National Portrait Gallery — Free Admission,Smithsonian,GO FREE,Museum / Zoo,Smithsonian admission is free; some locations may require free timed-entry passes.,0,,Always free,Timed-entry or parking charges may apply at some locations.,Unknown,Local,US,DC/VA,Washington metro,NO,https://www.si.edu/visit/museums,Verified via Smithsonian,2026-08-18,High,YES,
63,Hirshhorn Museum and Sculpture Garden — Free Admission,Smithsonian,GO FREE,Museum / Zoo,Smithsonian admission is free; some locations may require free timed-entry passes.,0,,Always free,Timed-entry or parking charges may apply at some locations.,Unknown,Local,US,DC/VA,Washington metro,NO,https://www.si.edu/visit/museums,Verified via Smithsonian,2026-08-18,High,YES,
64,Freer Gallery of Art — Free Admission,Smithsonian,GO FREE,Museum / Zoo,Smithsonian admission is free; some locations may require free timed-entry passes.,0,,Always free,Timed-entry or parking charges may apply at some locations.,Unknown,Local,US,DC/VA,Washington metro,NO,https://www.si.edu/visit/museums,Verified via Smithsonian,2026-08-18,High,YES,
65,Arthur M. Sackler Gallery — Free Admission,Smithsonian,GO FREE,Museum / Zoo,Smithsonian admission is free; some locations may require free timed-entry passes.,0,,Always free,Timed-entry or parking charges may apply at some locations.,Unknown,Local,US,DC/VA,Washington metro,NO,https://www.si.edu/visit/museums,Verified via Smithsonian,2026-08-18,High,YES,
66,National Museum of African Art — Free Admission,Smithsonian,GO FREE,Museum / Zoo,Smithsonian admission is free; some locations may require free timed-entry passes.,0,,Always free,Timed-entry or parking charges may apply at some locations.,Unknown,Local,US,DC/VA,Washington metro,NO,https://www.si.edu/visit/museums,Verified via Smithsonian,2026-08-18,High,YES,
67,National Postal Museum — Free Admission,Smithsonian,GO FREE,Museum / Zoo,Smithsonian admission is free; some locations may require free timed-entry passes.,0,,Always free,Timed-entry or parking charges may apply at some locations.,Unknown,Local,US,DC/VA,Washington metro,NO,https://www.si.edu/visit/museums,Verified via Smithsonian,2026-08-18,High,YES,
68,Anacostia Community Museum — Free Admission,Smithsonian,GO FREE,Museum / Zoo,Smithsonian admission is free; some locations may require free timed-entry passes.,0,,Always free,Timed-entry or parking charges may apply at some locations.,Unknown,Local,US,DC/VA,Washington metro,NO,https://www.si.edu/visit/museums,Verified via Smithsonian,2026-08-18,High,YES,
69,Renwick Gallery — Free Admission,Smithsonian,GO FREE,Museum / Zoo,Smithsonian admission is free; some locations may require free timed-entry passes.,0,,Always free,Timed-entry or parking charges may apply at some locations.,Unknown,Local,US,DC/VA,Washington metro,NO,https://www.si.edu/visit/museums,Verified via Smithsonian,2026-08-18,High,YES,
70,Smithsonian Institution Building (The Castle) — Free Admission,Smithsonian,GO FREE,Museum / Zoo,Smithsonian admission is free; some locations may require free timed-entry passes.,0,,Always free,Timed-entry or parking charges may apply at some locations.,Unknown,Local,US,DC/VA,Washington metro,NO,https://www.si.edu/visit/museums,Verified via Smithsonian,2026-08-18,High,YES,
71,Smithsonian's National Zoo — Free Admission,Smithsonian,GO FREE,Museum / Zoo,Smithsonian admission is free; some locations may require free timed-entry passes.,0,,Always free,Timed-entry or parking charges may apply at some locations.,Unknown,Local,US,DC/VA,Washington metro,NO,https://www.si.edu/visit/museums,Verified via Smithsonian,2026-08-18,High,YES,
72,Steven F. Udvar-Hazy Center — Free Admission,Smithsonian,GO FREE,Museum / Zoo,Smithsonian admission is free; some locations may require free timed-entry passes.,0,,Always free,Timed-entry or parking charges may apply at some locations.,Unknown,Local,US,DC/VA,Washington metro,NO,https://www.si.edu/visit/museums,Verified via Smithsonian,2026-08-18,High,YES,
73,National Museum of Asian Art — Free Admission,Smithsonian,GO FREE,Museum / Zoo,Smithsonian admission is free; some locations may require free timed-entry passes.,0,,Always free,Timed-entry or parking charges may apply at some locations.,Unknown,Local,US,DC/VA,Washington metro,NO,https://www.si.edu/visit/museums,Verified via Smithsonian,2026-08-18,High,YES,
74,The Broad — Free General Admission,The Broad,GO FREE,Museum / Culture,Free museum/cultural admission candidate listed in Los Angeles free-museum guidance.,0,,Always free / free general admission,"Parking, special exhibits, reservations or event tickets may cost extra.",Unknown,Local,US,CA,Los Angeles area,NO,https://www.discoverlosangeles.com/things-to-do/discover-free-museums-in-los-angeles,Verified via Discover Los Angeles aggregate,2026-08-18,High,YES,
75,Getty Center — Free General Admission,Getty Center,GO FREE,Museum / Culture,Free museum/cultural admission candidate listed in Los Angeles free-museum guidance.,0,,Always free / free general admission,"Parking, special exhibits, reservations or event tickets may cost extra.",Unknown,Local,US,CA,Los Angeles area,NO,https://www.discoverlosangeles.com/things-to-do/discover-free-museums-in-los-angeles,Verified via Discover Los Angeles aggregate,2026-08-18,High,YES,
76,Getty Villa — Free General Admission,Getty Villa,GO FREE,Museum / Culture,Free museum/cultural admission candidate listed in Los Angeles free-museum guidance.,0,,Always free / free general admission,"Parking, special exhibits, reservations or event tickets may cost extra.",Unknown,Local,US,CA,Los Angeles area,NO,https://www.discoverlosangeles.com/things-to-do/discover-free-museums-in-los-angeles,Verified via Discover Los Angeles aggregate,2026-08-18,High,YES,
77,Hammer Museum — Free General Admission,Hammer Museum,GO FREE,Museum / Culture,Free museum/cultural admission candidate listed in Los Angeles free-museum guidance.,0,,Always free / free general admission,"Parking, special exhibits, reservations or event tickets may cost extra.",Unknown,Local,US,CA,Los Angeles area,NO,https://www.discoverlosangeles.com/things-to-do/discover-free-museums-in-los-angeles,Verified via Discover Los Angeles aggregate,2026-08-18,High,YES,
78,California Science Center — Free General Admission,California Science Center,GO FREE,Museum / Culture,Free museum/cultural admission candidate listed in Los Angeles free-museum guidance.,0,,Always free / free general admission,"Parking, special exhibits, reservations or event tickets may cost extra.",Unknown,Local,US,CA,Los Angeles area,NO,https://www.discoverlosangeles.com/things-to-do/discover-free-museums-in-los-angeles,Verified via Discover Los Angeles aggregate,2026-08-18,High,YES,
79,California African American Museum — Free General Admission,California African American Museum,GO FREE,Museum / Culture,Free museum/cultural admission candidate listed in Los Angeles free-museum guidance.,0,,Always free / free general admission,"Parking, special exhibits, reservations or event tickets may cost extra.",Unknown,Local,US,CA,Los Angeles area,NO,https://www.discoverlosangeles.com/things-to-do/discover-free-museums-in-los-angeles,Verified via Discover Los Angeles aggregate,2026-08-18,High,YES,
80,"Institute of Contemporary Art, Los Angeles — Free General Admission","Institute of Contemporary Art, Los Angeles",GO FREE,Museum / Culture,Free museum/cultural admission candidate listed in Los Angeles free-museum guidance.,0,,Always free / free general admission,"Parking, special exhibits, reservations or event tickets may cost extra.",Unknown,Local,US,CA,Los Angeles area,NO,https://www.discoverlosangeles.com/things-to-do/discover-free-museums-in-los-angeles,Verified via Discover Los Angeles aggregate,2026-08-18,High,YES,
81,Los Angeles Museum of the Holocaust — Free General Admission,Los Angeles Museum of the Holocaust,GO FREE,Museum / Culture,Free museum/cultural admission candidate listed in Los Angeles free-museum guidance.,0,,Always free / free general admission,"Parking, special exhibits, reservations or event tickets may cost extra.",Unknown,Local,US,CA,Los Angeles area,NO,https://www.discoverlosangeles.com/things-to-do/discover-free-museums-in-los-angeles,Verified via Discover Los Angeles aggregate,2026-08-18,High,YES,
82,Museum of Contemporary Art (MOCA) Grand Avenue — Free General Admission,Museum of Contemporary Art (MOCA) Grand Avenue,GO FREE,Museum / Culture,Free museum/cultural admission candidate listed in Los Angeles free-museum guidance.,0,,Always free / free general admission,"Parking, special exhibits, reservations or event tickets may cost extra.",Unknown,Local,US,CA,Los Angeles area,NO,https://www.discoverlosangeles.com/things-to-do/discover-free-museums-in-los-angeles,Verified via Discover Los Angeles aggregate,2026-08-18,High,YES,
83,MOCA Geffen Contemporary — Free General Admission,MOCA Geffen Contemporary,GO FREE,Museum / Culture,Free museum/cultural admission candidate listed in Los Angeles free-museum guidance.,0,,Always free / free general admission,"Parking, special exhibits, reservations or event tickets may cost extra.",Unknown,Local,US,CA,Los Angeles area,NO,https://www.discoverlosangeles.com/things-to-do/discover-free-museums-in-los-angeles,Verified via Discover Los Angeles aggregate,2026-08-18,High,YES,
84,Travel Town Museum — Free General Admission,Travel Town Museum,GO FREE,Museum / Culture,Free museum/cultural admission candidate listed in Los Angeles free-museum guidance.,0,,Always free / free general admission,"Parking, special exhibits, reservations or event tickets may cost extra.",Unknown,Local,US,CA,Los Angeles area,NO,https://www.discoverlosangeles.com/things-to-do/discover-free-museums-in-los-angeles,Verified via Discover Los Angeles aggregate,2026-08-18,High,YES,
85,Wende Museum — Free General Admission,Wende Museum,GO FREE,Museum / Culture,Free museum/cultural admission candidate listed in Los Angeles free-museum guidance.,0,,Always free / free general admission,"Parking, special exhibits, reservations or event tickets may cost extra.",Unknown,Local,US,CA,Los Angeles area,NO,https://www.discoverlosangeles.com/things-to-do/discover-free-museums-in-los-angeles,Verified via Discover Los Angeles aggregate,2026-08-18,High,YES,
86,FIDM Museum — Free General Admission,FIDM Museum,GO FREE,Museum / Culture,Free museum/cultural admission candidate listed in Los Angeles free-museum guidance.,0,,Always free / free general admission,"Parking, special exhibits, reservations or event tickets may cost extra.",Unknown,Local,US,CA,Los Angeles area,NO,https://www.discoverlosangeles.com/things-to-do/discover-free-museums-in-los-angeles,Verified via Discover Los Angeles aggregate,2026-08-18,High,YES,
87,Forest Lawn Museum — Free General Admission,Forest Lawn Museum,GO FREE,Museum / Culture,Free museum/cultural admission candidate listed in Los Angeles free-museum guidance.,0,,Always free / free general admission,"Parking, special exhibits, reservations or event tickets may cost extra.",Unknown,Local,US,CA,Los Angeles area,NO,https://www.discoverlosangeles.com/things-to-do/discover-free-museums-in-los-angeles,Verified via Discover Los Angeles aggregate,2026-08-18,High,YES,
88,Hollywood Bowl Museum — Free General Admission,Hollywood Bowl Museum,GO FREE,Museum / Culture,Free museum/cultural admission candidate listed in Los Angeles free-museum guidance.,0,,Always free / free general admission,"Parking, special exhibits, reservations or event tickets may cost extra.",Unknown,Local,US,CA,Los Angeles area,NO,https://www.discoverlosangeles.com/things-to-do/discover-free-museums-in-los-angeles,Verified via Discover Los Angeles aggregate,2026-08-18,High,YES,
89,Los Angeles Maritime Museum — Free General Admission,Los Angeles Maritime Museum,GO FREE,Museum / Culture,Free museum/cultural admission candidate listed in Los Angeles free-museum guidance.,0,,Always free / free general admission,"Parking, special exhibits, reservations or event tickets may cost extra.",Unknown,Local,US,CA,Los Angeles area,NO,https://www.discoverlosangeles.com/things-to-do/discover-free-museums-in-los-angeles,Verified via Discover Los Angeles aggregate,2026-08-18,High,YES,
90,Vincent Price Art Museum — Free General Admission,Vincent Price Art Museum,GO FREE,Museum / Culture,Free museum/cultural admission candidate listed in Los Angeles free-museum guidance.,0,,Always free / free general admission,"Parking, special exhibits, reservations or event tickets may cost extra.",Unknown,Local,US,CA,Los Angeles area,NO,https://www.discoverlosangeles.com/things-to-do/discover-free-museums-in-los-angeles,Verified via Discover Los Angeles aggregate,2026-08-18,High,YES,
91,UCLA Fowler Museum — Free General Admission,UCLA Fowler Museum,GO FREE,Museum / Culture,Free museum/cultural admission candidate listed in Los Angeles free-museum guidance.,0,,Always free / free general admission,"Parking, special exhibits, reservations or event tickets may cost extra.",Unknown,Local,US,CA,Los Angeles area,NO,https://www.discoverlosangeles.com/things-to-do/discover-free-museums-in-los-angeles,Verified via Discover Los Angeles aggregate,2026-08-18,High,YES,
92,UCLA Meteorite Gallery — Free General Admission,UCLA Meteorite Gallery,GO FREE,Museum / Culture,Free museum/cultural admission candidate listed in Los Angeles free-museum guidance.,0,,Always free / free general admission,"Parking, special exhibits, reservations or event tickets may cost extra.",Unknown,Local,US,CA,Los Angeles area,NO,https://www.discoverlosangeles.com/things-to-do/discover-free-museums-in-los-angeles,Verified via Discover Los Angeles aggregate,2026-08-18,High,YES,
93,Dominguez Rancho Adobe Museum — Free General Admission,Dominguez Rancho Adobe Museum,GO FREE,Museum / Culture,Free museum/cultural admission candidate listed in Los Angeles free-museum guidance.,0,,Always free / free general admission,"Parking, special exhibits, reservations or event tickets may cost extra.",Unknown,Local,US,CA,Los Angeles area,NO,https://www.discoverlosangeles.com/things-to-do/discover-free-museums-in-los-angeles,Verified via Discover Los Angeles aggregate,2026-08-18,High,YES,
94,Italian American Museum of Los Angeles — Free General Admission,Italian American Museum of Los Angeles,GO FREE,Museum / Culture,Free museum/cultural admission candidate listed in Los Angeles free-museum guidance.,0,,Always free / free general admission,"Parking, special exhibits, reservations or event tickets may cost extra.",Unknown,Local,US,CA,Los Angeles area,NO,https://www.discoverlosangeles.com/things-to-do/discover-free-museums-in-los-angeles,Verified via Discover Los Angeles aggregate,2026-08-18,High,YES,
95,Chinese American Museum — Free General Admission,Chinese American Museum,GO FREE,Museum / Culture,Free museum/cultural admission candidate listed in Los Angeles free-museum guidance.,0,,Always free / free general admission,"Parking, special exhibits, reservations or event tickets may cost extra.",Unknown,Local,US,CA,Los Angeles area,NO,https://www.discoverlosangeles.com/things-to-do/discover-free-museums-in-los-angeles,Verified via Discover Los Angeles aggregate,2026-08-18,High,YES,
96,LA Plaza de Cultura y Artes — Free General Admission,LA Plaza de Cultura y Artes,GO FREE,Museum / Culture,Free museum/cultural admission candidate listed in Los Angeles free-museum guidance.,0,,Always free / free general admission,"Parking, special exhibits, reservations or event tickets may cost extra.",Unknown,Local,US,CA,Los Angeles area,NO,https://www.discoverlosangeles.com/things-to-do/discover-free-museums-in-los-angeles,Verified via Discover Los Angeles aggregate,2026-08-18,High,YES,
97,Workman and Temple Family Homestead Museum — Free General Admission,Workman and Temple Family Homestead Museum,GO FREE,Museum / Culture,Free museum/cultural admission candidate listed in Los Angeles free-museum guidance.,0,,Always free / free general admission,"Parking, special exhibits, reservations or event tickets may cost extra.",Unknown,Local,US,CA,Los Angeles area,NO,https://www.discoverlosangeles.com/things-to-do/discover-free-museums-in-los-angeles,Verified via Discover Los Angeles aggregate,2026-08-18,High,YES,
98,Khan Academy — Free Access,Khan Academy,LEARN FREE,Online Learning / Knowledge,"Free educational, research, reference, or learning access; paid upgrades may exist.",0,,Free tier / free content,"Account, usage, certificate, storage, or premium-feature limits may apply.",Unknown,Online,US,,,YES,https://www.khanacademy.org/,Official service URL — terms recheck recommended,2026-08-18,High,YES,
99,MIT OpenCourseWare — Free Access,MIT OpenCourseWare,LEARN FREE,Online Learning / Knowledge,"Free educational, research, reference, or learning access; paid upgrades may exist.",0,,Free tier / free content,"Account, usage, certificate, storage, or premium-feature limits may apply.",Unknown,Online,US,,,YES,https://ocw.mit.edu/,Official service URL — terms recheck recommended,2026-08-18,High,YES,
100,freeCodeCamp — Free Access,freeCodeCamp,LEARN FREE,Online Learning / Knowledge,"Free educational, research, reference, or learning access; paid upgrades may exist.",0,,Free tier / free content,"Account, usage, certificate, storage, or premium-feature limits may apply.",Unknown,Online,US,,,YES,https://www.freecodecamp.org/,Official service URL — terms recheck recommended,2026-08-18,High,YES,
101,The Odin Project — Free Access,The Odin Project,LEARN FREE,Online Learning / Knowledge,"Free educational, research, reference, or learning access; paid upgrades may exist.",0,,Free tier / free content,"Account, usage, certificate, storage, or premium-feature limits may apply.",Unknown,Online,US,,,YES,https://www.theodinproject.com/,Official service URL — terms recheck recommended,2026-08-18,High,YES,
102,Harvard Online Free Courses — Free Access,Harvard Online Free Courses,LEARN FREE,Online Learning / Knowledge,"Free educational, research, reference, or learning access; paid upgrades may exist.",0,,Free tier / free content,"Account, usage, certificate, storage, or premium-feature limits may apply.",Unknown,Online,US,,,YES,https://pll.harvard.edu/catalog/free,Official service URL — terms recheck recommended,2026-08-18,High,YES,
103,OpenStax — Free Access,OpenStax,LEARN FREE,Online Learning / Knowledge,"Free educational, research, reference, or learning access; paid upgrades may exist.",0,,Free tier / free content,"Account, usage, certificate, storage, or premium-feature limits may apply.",Unknown,Online,US,,,YES,https://openstax.org/,Official service URL — terms recheck recommended,2026-08-18,High,YES,
104,Saylor Academy — Free Access,Saylor Academy,LEARN FREE,Online Learning / Knowledge,"Free educational, research, reference, or learning access; paid upgrades may exist.",0,,Free tier / free content,"Account, usage, certificate, storage, or premium-feature limits may apply.",Unknown,Online,US,,,YES,https://www.saylor.org/,Official service URL — terms recheck recommended,2026-08-18,High,YES,
105,OpenLearn — Free Access,OpenLearn,LEARN FREE,Online Learning / Knowledge,"Free educational, research, reference, or learning access; paid upgrades may exist.",0,,Free tier / free content,"Account, usage, certificate, storage, or premium-feature limits may apply.",Unknown,Online,US,,,YES,https://www.open.edu/openlearn/,Official service URL — terms recheck recommended,2026-08-18,High,YES,
106,Coursera Audit Options — Free Access,Coursera Audit Options,LEARN FREE,Online Learning / Knowledge,"Free educational, research, reference, or learning access; paid upgrades may exist.",0,,Free tier / free content,"Account, usage, certificate, storage, or premium-feature limits may apply.",Unknown,Online,US,,,YES,https://www.coursera.org/,Official service URL — terms recheck recommended,2026-08-18,High,YES,
107,edX Audit Tracks — Free Access,edX Audit Tracks,LEARN FREE,Online Learning / Knowledge,"Free educational, research, reference, or learning access; paid upgrades may exist.",0,,Free tier / free content,"Account, usage, certificate, storage, or premium-feature limits may apply.",Unknown,Online,US,,,YES,https://www.edx.org/,Official service URL — terms recheck recommended,2026-08-18,High,YES,
108,Codecademy Free Tier — Free Access,Codecademy Free Tier,LEARN FREE,Online Learning / Knowledge,"Free educational, research, reference, or learning access; paid upgrades may exist.",0,,Free tier / free content,"Account, usage, certificate, storage, or premium-feature limits may apply.",Unknown,Online,US,,,YES,https://www.codecademy.com/,Official service URL — terms recheck recommended,2026-08-18,High,YES,
109,Duolingo Free Tier — Free Access,Duolingo Free Tier,LEARN FREE,Online Learning / Knowledge,"Free educational, research, reference, or learning access; paid upgrades may exist.",0,,Free tier / free content,"Account, usage, certificate, storage, or premium-feature limits may apply.",Unknown,Online,US,,,YES,https://www.duolingo.com/,Official service URL — terms recheck recommended,2026-08-18,High,YES,
110,MDN Web Docs — Free Access,MDN Web Docs,LEARN FREE,Online Learning / Knowledge,"Free educational, research, reference, or learning access; paid upgrades may exist.",0,,Free tier / free content,"Account, usage, certificate, storage, or premium-feature limits may apply.",Unknown,Online,US,,,YES,https://developer.mozilla.org/,Official service URL — terms recheck recommended,2026-08-18,High,YES,
111,W3Schools — Free Access,W3Schools,LEARN FREE,Online Learning / Knowledge,"Free educational, research, reference, or learning access; paid upgrades may exist.",0,,Free tier / free content,"Account, usage, certificate, storage, or premium-feature limits may apply.",Unknown,Online,US,,,YES,https://www.w3schools.com/,Official service URL — terms recheck recommended,2026-08-18,High,YES,
112,CS50 OpenCourseWare — Free Access,CS50 OpenCourseWare,LEARN FREE,Online Learning / Knowledge,"Free educational, research, reference, or learning access; paid upgrades may exist.",0,,Free tier / free content,"Account, usage, certificate, storage, or premium-feature limits may apply.",Unknown,Online,US,,,YES,https://cs50.harvard.edu/,Official service URL — terms recheck recommended,2026-08-18,High,YES,
113,Stanford Online Free Content — Free Access,Stanford Online Free Content,LEARN FREE,Online Learning / Knowledge,"Free educational, research, reference, or learning access; paid upgrades may exist.",0,,Free tier / free content,"Account, usage, certificate, storage, or premium-feature limits may apply.",Unknown,Online,US,,,YES,https://online.stanford.edu/,Official service URL — terms recheck recommended,2026-08-18,High,YES,
114,Yale Open Courses — Free Access,Yale Open Courses,LEARN FREE,Online Learning / Knowledge,"Free educational, research, reference, or learning access; paid upgrades may exist.",0,,Free tier / free content,"Account, usage, certificate, storage, or premium-feature limits may apply.",Unknown,Online,US,,,YES,https://oyc.yale.edu/,Official service URL — terms recheck recommended,2026-08-18,High,YES,
115,Carnegie Mellon OLI Open & Free — Free Access,Carnegie Mellon OLI Open & Free,LEARN FREE,Online Learning / Knowledge,"Free educational, research, reference, or learning access; paid upgrades may exist.",0,,Free tier / free content,"Account, usage, certificate, storage, or premium-feature limits may apply.",Unknown,Online,US,,,YES,https://oli.cmu.edu/,Official service URL — terms recheck recommended,2026-08-18,High,YES,
116,Google Skillshop — Free Access,Google Skillshop,LEARN FREE,Online Learning / Knowledge,"Free educational, research, reference, or learning access; paid upgrades may exist.",0,,Free tier / free content,"Account, usage, certificate, storage, or premium-feature limits may apply.",Unknown,Online,US,,,YES,https://skillshop.withgoogle.com/,Official service URL — terms recheck recommended,2026-08-18,High,YES,
117,Microsoft Learn — Free Access,Microsoft Learn,LEARN FREE,Online Learning / Knowledge,"Free educational, research, reference, or learning access; paid upgrades may exist.",0,,Free tier / free content,"Account, usage, certificate, storage, or premium-feature limits may apply.",Unknown,Online,US,,,YES,https://learn.microsoft.com/training/,Official service URL — terms recheck recommended,2026-08-18,High,YES,
118,AWS Skill Builder Free Digital Training — Free Access,AWS Skill Builder Free Digital Training,LEARN FREE,Online Learning / Knowledge,"Free educational, research, reference, or learning access; paid upgrades may exist.",0,,Free tier / free content,"Account, usage, certificate, storage, or premium-feature limits may apply.",Unknown,Online,US,,,YES,https://skillbuilder.aws/,Official service URL — terms recheck recommended,2026-08-18,High,YES,
119,IBM SkillsBuild — Free Access,IBM SkillsBuild,LEARN FREE,Online Learning / Knowledge,"Free educational, research, reference, or learning access; paid upgrades may exist.",0,,Free tier / free content,"Account, usage, certificate, storage, or premium-feature limits may apply.",Unknown,Online,US,,,YES,https://skillsbuild.org/,Official service URL — terms recheck recommended,2026-08-18,High,YES,
120,Cisco Networking Academy Free Courses — Free Access,Cisco Networking Academy Free Courses,LEARN FREE,Online Learning / Knowledge,"Free educational, research, reference, or learning access; paid upgrades may exist.",0,,Free tier / free content,"Account, usage, certificate, storage, or premium-feature limits may apply.",Unknown,Online,US,,,YES,https://www.netacad.com/,Official service URL — terms recheck recommended,2026-08-18,High,YES,
121,Salesforce Trailhead — Free Access,Salesforce Trailhead,LEARN FREE,Online Learning / Knowledge,"Free educational, research, reference, or learning access; paid upgrades may exist.",0,,Free tier / free content,"Account, usage, certificate, storage, or premium-feature limits may apply.",Unknown,Online,US,,,YES,https://trailhead.salesforce.com/,Official service URL — terms recheck recommended,2026-08-18,High,YES,
122,HubSpot Academy — Free Access,HubSpot Academy,LEARN FREE,Online Learning / Knowledge,"Free educational, research, reference, or learning access; paid upgrades may exist.",0,,Free tier / free content,"Account, usage, certificate, storage, or premium-feature limits may apply.",Unknown,Online,US,,,YES,https://academy.hubspot.com/,Official service URL — terms recheck recommended,2026-08-18,High,YES,
123,Semrush Academy — Free Access,Semrush Academy,LEARN FREE,Online Learning / Knowledge,"Free educational, research, reference, or learning access; paid upgrades may exist.",0,,Free tier / free content,"Account, usage, certificate, storage, or premium-feature limits may apply.",Unknown,Online,US,,,YES,https://www.semrush.com/academy/,Official service URL — terms recheck recommended,2026-08-18,High,YES,
124,Ahrefs Academy — Free Access,Ahrefs Academy,LEARN FREE,Online Learning / Knowledge,"Free educational, research, reference, or learning access; paid upgrades may exist.",0,,Free tier / free content,"Account, usage, certificate, storage, or premium-feature limits may apply.",Unknown,Online,US,,,YES,https://ahrefs.com/academy,Official service URL — terms recheck recommended,2026-08-18,High,YES,
125,Meta Blueprint Free Courses — Free Access,Meta Blueprint Free Courses,LEARN FREE,Online Learning / Knowledge,"Free educational, research, reference, or learning access; paid upgrades may exist.",0,,Free tier / free content,"Account, usage, certificate, storage, or premium-feature limits may apply.",Unknown,Online,US,,,YES,https://www.facebook.com/business/learn,Official service URL — terms recheck recommended,2026-08-18,High,YES,
126,Google Digital Garage resources — Free Access,Google Digital Garage resources,LEARN FREE,Online Learning / Knowledge,"Free educational, research, reference, or learning access; paid upgrades may exist.",0,,Free tier / free content,"Account, usage, certificate, storage, or premium-feature limits may apply.",Unknown,Online,US,,,YES,https://grow.google/,Official service URL — terms recheck recommended,2026-08-18,High,YES,
127,Alison Free Courses — Free Access,Alison Free Courses,LEARN FREE,Online Learning / Knowledge,"Free educational, research, reference, or learning access; paid upgrades may exist.",0,,Free tier / free content,"Account, usage, certificate, storage, or premium-feature limits may apply.",Unknown,Online,US,,,YES,https://alison.com/,Official service URL — terms recheck recommended,2026-08-18,High,YES,
128,Academic Earth — Free Access,Academic Earth,LEARN FREE,Online Learning / Knowledge,"Free educational, research, reference, or learning access; paid upgrades may exist.",0,,Free tier / free content,"Account, usage, certificate, storage, or premium-feature limits may apply.",Unknown,Online,US,,,YES,https://academicearth.org/,Official service URL — terms recheck recommended,2026-08-18,High,YES,
129,Open Culture Courses — Free Access,Open Culture Courses,LEARN FREE,Online Learning / Knowledge,"Free educational, research, reference, or learning access; paid upgrades may exist.",0,,Free tier / free content,"Account, usage, certificate, storage, or premium-feature limits may apply.",Unknown,Online,US,,,YES,https://www.openculture.com/freeonlinecourses,Official service URL — terms recheck recommended,2026-08-18,High,YES,
130,NPTEL Open Courses — Free Access,NPTEL Open Courses,LEARN FREE,Online Learning / Knowledge,"Free educational, research, reference, or learning access; paid upgrades may exist.",0,,Free tier / free content,"Account, usage, certificate, storage, or premium-feature limits may apply.",Unknown,Online,US,,,YES,https://nptel.ac.in/,Official service URL — terms recheck recommended,2026-08-18,High,YES,
131,Class Central Free Course Discovery — Free Access,Class Central Free Course Discovery,LEARN FREE,Online Learning / Knowledge,"Free educational, research, reference, or learning access; paid upgrades may exist.",0,,Free tier / free content,"Account, usage, certificate, storage, or premium-feature limits may apply.",Unknown,Online,US,,,YES,https://www.classcentral.com/,Official service URL — terms recheck recommended,2026-08-18,High,YES,
132,TED-Ed — Free Access,TED-Ed,LEARN FREE,Online Learning / Knowledge,"Free educational, research, reference, or learning access; paid upgrades may exist.",0,,Free tier / free content,"Account, usage, certificate, storage, or premium-feature limits may apply.",Unknown,Online,US,,,YES,https://ed.ted.com/,Official service URL — terms recheck recommended,2026-08-18,High,YES,
133,Crash Course — Free Access,Crash Course,LEARN FREE,Online Learning / Knowledge,"Free educational, research, reference, or learning access; paid upgrades may exist.",0,,Free tier / free content,"Account, usage, certificate, storage, or premium-feature limits may apply.",Unknown,Online,US,,,YES,https://thecrashcourse.com/,Official service URL — terms recheck recommended,2026-08-18,High,YES,
134,PBS LearningMedia — Free Access,PBS LearningMedia,LEARN FREE,Online Learning / Knowledge,"Free educational, research, reference, or learning access; paid upgrades may exist.",0,,Free tier / free content,"Account, usage, certificate, storage, or premium-feature limits may apply.",Unknown,Online,US,,,YES,https://www.pbslearningmedia.org/,Official service URL — terms recheck recommended,2026-08-18,High,YES,
135,CK-12 — Free Access,CK-12,LEARN FREE,Online Learning / Knowledge,"Free educational, research, reference, or learning access; paid upgrades may exist.",0,,Free tier / free content,"Account, usage, certificate, storage, or premium-feature limits may apply.",Unknown,Online,US,,,YES,https://www.ck12.org/,Official service URL — terms recheck recommended,2026-08-18,High,YES,
136,PhET Interactive Simulations — Free Access,PhET Interactive Simulations,LEARN FREE,Online Learning / Knowledge,"Free educational, research, reference, or learning access; paid upgrades may exist.",0,,Free tier / free content,"Account, usage, certificate, storage, or premium-feature limits may apply.",Unknown,Online,US,,,YES,https://phet.colorado.edu/,Official service URL — terms recheck recommended,2026-08-18,High,YES,
137,GeoGebra — Free Access,GeoGebra,LEARN FREE,Online Learning / Knowledge,"Free educational, research, reference, or learning access; paid upgrades may exist.",0,,Free tier / free content,"Account, usage, certificate, storage, or premium-feature limits may apply.",Unknown,Online,US,,,YES,https://www.geogebra.org/,Official service URL — terms recheck recommended,2026-08-18,High,YES,
138,Desmos — Free Access,Desmos,LEARN FREE,Online Learning / Knowledge,"Free educational, research, reference, or learning access; paid upgrades may exist.",0,,Free tier / free content,"Account, usage, certificate, storage, or premium-feature limits may apply.",Unknown,Online,US,,,YES,https://www.desmos.com/,Official service URL — terms recheck recommended,2026-08-18,High,YES,
139,Wolfram Alpha Free Access — Free Access,Wolfram Alpha Free Access,LEARN FREE,Online Learning / Knowledge,"Free educational, research, reference, or learning access; paid upgrades may exist.",0,,Free tier / free content,"Account, usage, certificate, storage, or premium-feature limits may apply.",Unknown,Online,US,,,YES,https://www.wolframalpha.com/,Official service URL — terms recheck recommended,2026-08-18,High,YES,
140,Project Gutenberg — Free Access,Project Gutenberg,LEARN FREE,Online Learning / Knowledge,"Free educational, research, reference, or learning access; paid upgrades may exist.",0,,Free tier / free content,"Account, usage, certificate, storage, or premium-feature limits may apply.",Unknown,Online,US,,,YES,https://www.gutenberg.org/,Official service URL — terms recheck recommended,2026-08-18,High,YES,
141,LibriVox — Free Access,LibriVox,LEARN FREE,Online Learning / Knowledge,"Free educational, research, reference, or learning access; paid upgrades may exist.",0,,Free tier / free content,"Account, usage, certificate, storage, or premium-feature limits may apply.",Unknown,Online,US,,,YES,https://librivox.org/,Official service URL — terms recheck recommended,2026-08-18,High,YES,
142,Internet Archive — Free Access,Internet Archive,LEARN FREE,Online Learning / Knowledge,"Free educational, research, reference, or learning access; paid upgrades may exist.",0,,Free tier / free content,"Account, usage, certificate, storage, or premium-feature limits may apply.",Unknown,Online,US,,,YES,https://archive.org/,Official service URL — terms recheck recommended,2026-08-18,High,YES,
143,Open Library — Free Access,Open Library,LEARN FREE,Online Learning / Knowledge,"Free educational, research, reference, or learning access; paid upgrades may exist.",0,,Free tier / free content,"Account, usage, certificate, storage, or premium-feature limits may apply.",Unknown,Online,US,,,YES,https://openlibrary.org/,Official service URL — terms recheck recommended,2026-08-18,High,YES,
144,Smithsonian Open Access — Free Access,Smithsonian Open Access,LEARN FREE,Online Learning / Knowledge,"Free educational, research, reference, or learning access; paid upgrades may exist.",0,,Free tier / free content,"Account, usage, certificate, storage, or premium-feature limits may apply.",Unknown,Online,US,,,YES,https://www.si.edu/openaccess,Official service URL — terms recheck recommended,2026-08-18,High,YES,
145,NASA Image and Video Library — Free Access,NASA Image and Video Library,LEARN FREE,Online Learning / Knowledge,"Free educational, research, reference, or learning access; paid upgrades may exist.",0,,Free tier / free content,"Account, usage, certificate, storage, or premium-feature limits may apply.",Unknown,Online,US,,,YES,https://images.nasa.gov/,Official service URL — terms recheck recommended,2026-08-18,High,YES,
146,Library of Congress Digital Collections — Free Access,Library of Congress Digital Collections,LEARN FREE,Online Learning / Knowledge,"Free educational, research, reference, or learning access; paid upgrades may exist.",0,,Free tier / free content,"Account, usage, certificate, storage, or premium-feature limits may apply.",Unknown,Online,US,,,YES,https://www.loc.gov/collections/,Official service URL — terms recheck recommended,2026-08-18,High,YES,
147,National Archives Catalog — Free Access,National Archives Catalog,LEARN FREE,Online Learning / Knowledge,"Free educational, research, reference, or learning access; paid upgrades may exist.",0,,Free tier / free content,"Account, usage, certificate, storage, or premium-feature limits may apply.",Unknown,Online,US,,,YES,https://catalog.archives.gov/,Official service URL — terms recheck recommended,2026-08-18,High,YES,
148,PubMed — Free Access,PubMed,LEARN FREE,Online Learning / Knowledge,"Free educational, research, reference, or learning access; paid upgrades may exist.",0,,Free tier / free content,"Account, usage, certificate, storage, or premium-feature limits may apply.",Unknown,Online,US,,,YES,https://pubmed.ncbi.nlm.nih.gov/,Official service URL — terms recheck recommended,2026-08-18,High,YES,
149,PubMed Central — Free Access,PubMed Central,LEARN FREE,Online Learning / Knowledge,"Free educational, research, reference, or learning access; paid upgrades may exist.",0,,Free tier / free content,"Account, usage, certificate, storage, or premium-feature limits may apply.",Unknown,Online,US,,,YES,https://pmc.ncbi.nlm.nih.gov/,Official service URL — terms recheck recommended,2026-08-18,High,YES,
150,arXiv — Free Access,arXiv,LEARN FREE,Online Learning / Knowledge,"Free educational, research, reference, or learning access; paid upgrades may exist.",0,,Free tier / free content,"Account, usage, certificate, storage, or premium-feature limits may apply.",Unknown,Online,US,,,YES,https://arxiv.org/,Official service URL — terms recheck recommended,2026-08-18,High,YES,
151,DOAJ — Free Access,DOAJ,LEARN FREE,Online Learning / Knowledge,"Free educational, research, reference, or learning access; paid upgrades may exist.",0,,Free tier / free content,"Account, usage, certificate, storage, or premium-feature limits may apply.",Unknown,Online,US,,,YES,https://doaj.org/,Official service URL — terms recheck recommended,2026-08-18,High,YES,
152,ERIC — Free Access,ERIC,LEARN FREE,Online Learning / Knowledge,"Free educational, research, reference, or learning access; paid upgrades may exist.",0,,Free tier / free content,"Account, usage, certificate, storage, or premium-feature limits may apply.",Unknown,Online,US,,,YES,https://eric.ed.gov/,Official service URL — terms recheck recommended,2026-08-18,High,YES,
153,Google Scholar — Free Access,Google Scholar,LEARN FREE,Online Learning / Knowledge,"Free educational, research, reference, or learning access; paid upgrades may exist.",0,,Free tier / free content,"Account, usage, certificate, storage, or premium-feature limits may apply.",Unknown,Online,US,,,YES,https://scholar.google.com/,Official service URL — terms recheck recommended,2026-08-18,High,YES,
154,Semantic Scholar — Free Access,Semantic Scholar,LEARN FREE,Online Learning / Knowledge,"Free educational, research, reference, or learning access; paid upgrades may exist.",0,,Free tier / free content,"Account, usage, certificate, storage, or premium-feature limits may apply.",Unknown,Online,US,,,YES,https://www.semanticscholar.org/,Official service URL — terms recheck recommended,2026-08-18,High,YES,
155,CORE Open Access Research — Free Access,CORE Open Access Research,LEARN FREE,Online Learning / Knowledge,"Free educational, research, reference, or learning access; paid upgrades may exist.",0,,Free tier / free content,"Account, usage, certificate, storage, or premium-feature limits may apply.",Unknown,Online,US,,,YES,https://core.ac.uk/,Official service URL — terms recheck recommended,2026-08-18,High,YES,
156,Unpaywall — Free Access,Unpaywall,LEARN FREE,Online Learning / Knowledge,"Free educational, research, reference, or learning access; paid upgrades may exist.",0,,Free tier / free content,"Account, usage, certificate, storage, or premium-feature limits may apply.",Unknown,Online,US,,,YES,https://unpaywall.org/,Official service URL — terms recheck recommended,2026-08-18,High,YES,
157,Connected Papers Free Tier — Free Access,Connected Papers Free Tier,LEARN FREE,Online Learning / Knowledge,"Free educational, research, reference, or learning access; paid upgrades may exist.",0,,Free tier / free content,"Account, usage, certificate, storage, or premium-feature limits may apply.",Unknown,Online,US,,,YES,https://www.connectedpapers.com/,Official service URL — terms recheck recommended,2026-08-18,High,YES,
158,Research Rabbit Free — Free Access,Research Rabbit Free,LEARN FREE,Online Learning / Knowledge,"Free educational, research, reference, or learning access; paid upgrades may exist.",0,,Free tier / free content,"Account, usage, certificate, storage, or premium-feature limits may apply.",Unknown,Online,US,,,YES,https://www.researchrabbit.ai/,Official service URL — terms recheck recommended,2026-08-18,High,YES,
159,Zotero — Free Access,Zotero,LEARN FREE,Online Learning / Knowledge,"Free educational, research, reference, or learning access; paid upgrades may exist.",0,,Free tier / free content,"Account, usage, certificate, storage, or premium-feature limits may apply.",Unknown,Online,US,,,YES,https://www.zotero.org/,Official service URL — terms recheck recommended,2026-08-18,High,YES,
160,Mendeley Reference Manager Free — Free Access,Mendeley Reference Manager Free,LEARN FREE,Online Learning / Knowledge,"Free educational, research, reference, or learning access; paid upgrades may exist.",0,,Free tier / free content,"Account, usage, certificate, storage, or premium-feature limits may apply.",Unknown,Online,US,,,YES,https://www.mendeley.com/,Official service URL — terms recheck recommended,2026-08-18,High,YES,
161,Anki Desktop — Free Access,Anki Desktop,LEARN FREE,Online Learning / Knowledge,"Free educational, research, reference, or learning access; paid upgrades may exist.",0,,Free tier / free content,"Account, usage, certificate, storage, or premium-feature limits may apply.",Unknown,Online,US,,,YES,https://apps.ankiweb.net/,Official service URL — terms recheck recommended,2026-08-18,High,YES,
162,Quizlet Free Tier — Free Access,Quizlet Free Tier,LEARN FREE,Online Learning / Knowledge,"Free educational, research, reference, or learning access; paid upgrades may exist.",0,,Free tier / free content,"Account, usage, certificate, storage, or premium-feature limits may apply.",Unknown,Online,US,,,YES,https://quizlet.com/,Official service URL — terms recheck recommended,2026-08-18,High,YES,
163,Brainscape Free Tier — Free Access,Brainscape Free Tier,LEARN FREE,Online Learning / Knowledge,"Free educational, research, reference, or learning access; paid upgrades may exist.",0,,Free tier / free content,"Account, usage, certificate, storage, or premium-feature limits may apply.",Unknown,Online,US,,,YES,https://www.brainscape.com/,Official service URL — terms recheck recommended,2026-08-18,High,YES,
164,Memrise Free Access — Free Access,Memrise Free Access,LEARN FREE,Online Learning / Knowledge,"Free educational, research, reference, or learning access; paid upgrades may exist.",0,,Free tier / free content,"Account, usage, certificate, storage, or premium-feature limits may apply.",Unknown,Online,US,,,YES,https://www.memrise.com/,Official service URL — terms recheck recommended,2026-08-18,High,YES,
165,BBC Learning English — Free Access,BBC Learning English,LEARN FREE,Online Learning / Knowledge,"Free educational, research, reference, or learning access; paid upgrades may exist.",0,,Free tier / free content,"Account, usage, certificate, storage, or premium-feature limits may apply.",Unknown,Online,US,,,YES,https://www.bbc.co.uk/learningenglish,Official service URL — terms recheck recommended,2026-08-18,High,YES,
166,VOA Learning English — Free Access,VOA Learning English,LEARN FREE,Online Learning / Knowledge,"Free educational, research, reference, or learning access; paid upgrades may exist.",0,,Free tier / free content,"Account, usage, certificate, storage, or premium-feature limits may apply.",Unknown,Online,US,,,YES,https://learningenglish.voanews.com/,Official service URL — terms recheck recommended,2026-08-18,High,YES,
167,USA Learns — Free Access,USA Learns,LEARN FREE,Online Learning / Knowledge,"Free educational, research, reference, or learning access; paid upgrades may exist.",0,,Free tier / free content,"Account, usage, certificate, storage, or premium-feature limits may apply.",Unknown,Online,US,,,YES,https://www.usalearns.org/,Official service URL — terms recheck recommended,2026-08-18,High,YES,
168,GCFGlobal — Free Access,GCFGlobal,LEARN FREE,Online Learning / Knowledge,"Free educational, research, reference, or learning access; paid upgrades may exist.",0,,Free tier / free content,"Account, usage, certificate, storage, or premium-feature limits may apply.",Unknown,Online,US,,,YES,https://edu.gcfglobal.org/,Official service URL — terms recheck recommended,2026-08-18,High,YES,
169,TypingClub Free — Free Access,TypingClub Free,LEARN FREE,Online Learning / Knowledge,"Free educational, research, reference, or learning access; paid upgrades may exist.",0,,Free tier / free content,"Account, usage, certificate, storage, or premium-feature limits may apply.",Unknown,Online,US,,,YES,https://www.typingclub.com/,Official service URL — terms recheck recommended,2026-08-18,High,YES,
170,Typing.com Free — Free Access,Typing.com Free,LEARN FREE,Online Learning / Knowledge,"Free educational, research, reference, or learning access; paid upgrades may exist.",0,,Free tier / free content,"Account, usage, certificate, storage, or premium-feature limits may apply.",Unknown,Online,US,,,YES,https://www.typing.com/,Official service URL — terms recheck recommended,2026-08-18,High,YES,
171,Scratch — Free Access,Scratch,LEARN FREE,Online Learning / Knowledge,"Free educational, research, reference, or learning access; paid upgrades may exist.",0,,Free tier / free content,"Account, usage, certificate, storage, or premium-feature limits may apply.",Unknown,Online,US,,,YES,https://scratch.mit.edu/,Official service URL — terms recheck recommended,2026-08-18,High,YES,
172,Code.org — Free Access,Code.org,LEARN FREE,Online Learning / Knowledge,"Free educational, research, reference, or learning access; paid upgrades may exist.",0,,Free tier / free content,"Account, usage, certificate, storage, or premium-feature limits may apply.",Unknown,Online,US,,,YES,https://code.org/,Official service URL — terms recheck recommended,2026-08-18,High,YES,
173,MIT App Inventor — Free Access,MIT App Inventor,LEARN FREE,Online Learning / Knowledge,"Free educational, research, reference, or learning access; paid upgrades may exist.",0,,Free tier / free content,"Account, usage, certificate, storage, or premium-feature limits may apply.",Unknown,Online,US,,,YES,https://appinventor.mit.edu/,Official service URL — terms recheck recommended,2026-08-18,High,YES,
174,Replit Starter/Free — Free Access,Replit Starter/Free,LEARN FREE,Online Learning / Knowledge,"Free educational, research, reference, or learning access; paid upgrades may exist.",0,,Free tier / free content,"Account, usage, certificate, storage, or premium-feature limits may apply.",Unknown,Online,US,,,YES,https://replit.com/,Official service URL — terms recheck recommended,2026-08-18,High,YES,
175,Exercism — Free Access,Exercism,LEARN FREE,Online Learning / Knowledge,"Free educational, research, reference, or learning access; paid upgrades may exist.",0,,Free tier / free content,"Account, usage, certificate, storage, or premium-feature limits may apply.",Unknown,Online,US,,,YES,https://exercism.org/,Official service URL — terms recheck recommended,2026-08-18,High,YES,
176,Codewars Free — Free Access,Codewars Free,LEARN FREE,Online Learning / Knowledge,"Free educational, research, reference, or learning access; paid upgrades may exist.",0,,Free tier / free content,"Account, usage, certificate, storage, or premium-feature limits may apply.",Unknown,Online,US,,,YES,https://www.codewars.com/,Official service URL — terms recheck recommended,2026-08-18,High,YES,
177,LeetCode Free Problems — Free Access,LeetCode Free Problems,LEARN FREE,Online Learning / Knowledge,"Free educational, research, reference, or learning access; paid upgrades may exist.",0,,Free tier / free content,"Account, usage, certificate, storage, or premium-feature limits may apply.",Unknown,Online,US,,,YES,https://leetcode.com/,Official service URL — terms recheck recommended,2026-08-18,High,YES,
178,HackerRank Practice — Free Access,HackerRank Practice,LEARN FREE,Online Learning / Knowledge,"Free educational, research, reference, or learning access; paid upgrades may exist.",0,,Free tier / free content,"Account, usage, certificate, storage, or premium-feature limits may apply.",Unknown,Online,US,,,YES,https://www.hackerrank.com/,Official service URL — terms recheck recommended,2026-08-18,High,YES,
179,Kaggle Learn — Free Access,Kaggle Learn,LEARN FREE,Online Learning / Knowledge,"Free educational, research, reference, or learning access; paid upgrades may exist.",0,,Free tier / free content,"Account, usage, certificate, storage, or premium-feature limits may apply.",Unknown,Online,US,,,YES,https://www.kaggle.com/learn,Official service URL — terms recheck recommended,2026-08-18,High,YES,
180,Google Colab Free — Free Access,Google Colab Free,LEARN FREE,Online Learning / Knowledge,"Free educational, research, reference, or learning access; paid upgrades may exist.",0,,Free tier / free content,"Account, usage, certificate, storage, or premium-feature limits may apply.",Unknown,Online,US,,,YES,https://colab.research.google.com/,Official service URL — terms recheck recommended,2026-08-18,High,YES,
181,Jupyter — Free Access,Jupyter,LEARN FREE,Online Learning / Knowledge,"Free educational, research, reference, or learning access; paid upgrades may exist.",0,,Free tier / free content,"Account, usage, certificate, storage, or premium-feature limits may apply.",Unknown,Online,US,,,YES,https://jupyter.org/,Official service URL — terms recheck recommended,2026-08-18,High,YES,
182,RStudio Desktop Open Source — Free Access,RStudio Desktop Open Source,LEARN FREE,Online Learning / Knowledge,"Free educational, research, reference, or learning access; paid upgrades may exist.",0,,Free tier / free content,"Account, usage, certificate, storage, or premium-feature limits may apply.",Unknown,Online,US,,,YES,https://posit.co/download/rstudio-desktop/,Official service URL — terms recheck recommended,2026-08-18,High,YES,
183,Overleaf Free Plan — Free Access,Overleaf Free Plan,LEARN FREE,Online Learning / Knowledge,"Free educational, research, reference, or learning access; paid upgrades may exist.",0,,Free tier / free content,"Account, usage, certificate, storage, or premium-feature limits may apply.",Unknown,Online,US,,,YES,https://www.overleaf.com/,Official service URL — terms recheck recommended,2026-08-18,High,YES,
184,Canva for Education resources — Free Access,Canva for Education resources,LEARN FREE,Online Learning / Knowledge,"Free educational, research, reference, or learning access; paid upgrades may exist.",0,,Free tier / free content,"Account, usage, certificate, storage, or premium-feature limits may apply.",Unknown,Online,US,,,YES,https://www.canva.com/education/,Official service URL — terms recheck recommended,2026-08-18,High,YES,
185,National Geographic Education Resources — Free Access,National Geographic Education Resources,LEARN FREE,Online Learning / Knowledge,"Free educational, research, reference, or learning access; paid upgrades may exist.",0,,Free tier / free content,"Account, usage, certificate, storage, or premium-feature limits may apply.",Unknown,Online,US,,,YES,https://education.nationalgeographic.org/,Official service URL — terms recheck recommended,2026-08-18,High,YES,
186,National Constitution Center Online Resources — Free Access,National Constitution Center Online Resources,LEARN FREE,Online Learning / Knowledge,"Free educational, research, reference, or learning access; paid upgrades may exist.",0,,Free tier / free content,"Account, usage, certificate, storage, or premium-feature limits may apply.",Unknown,Online,US,,,YES,https://constitutioncenter.org/education,Official service URL — terms recheck recommended,2026-08-18,High,YES,
187,National Gallery of Art Learning Resources — Free Access,National Gallery of Art Learning Resources,LEARN FREE,Online Learning / Knowledge,"Free educational, research, reference, or learning access; paid upgrades may exist.",0,,Free tier / free content,"Account, usage, certificate, storage, or premium-feature limits may apply.",Unknown,Online,US,,,YES,https://www.nga.gov/learn.html,Official service URL — terms recheck recommended,2026-08-18,High,YES,
188,Metropolitan Museum Heilbrunn Timeline of Art History — Free Access,Metropolitan Museum Heilbrunn Timeline of Art History,LEARN FREE,Online Learning / Knowledge,"Free educational, research, reference, or learning access; paid upgrades may exist.",0,,Free tier / free content,"Account, usage, certificate, storage, or premium-feature limits may apply.",Unknown,Online,US,,,YES,https://www.metmuseum.org/toah/,Official service URL — terms recheck recommended,2026-08-18,High,YES,
189,MoMA Learning — Free Access,MoMA Learning,LEARN FREE,Online Learning / Knowledge,"Free educational, research, reference, or learning access; paid upgrades may exist.",0,,Free tier / free content,"Account, usage, certificate, storage, or premium-feature limits may apply.",Unknown,Online,US,,,YES,https://www.moma.org/learn/moma_learning/,Official service URL — terms recheck recommended,2026-08-18,High,YES,
190,Getty Open Content — Free Access,Getty Open Content,LEARN FREE,Online Learning / Knowledge,"Free educational, research, reference, or learning access; paid upgrades may exist.",0,,Free tier / free content,"Account, usage, certificate, storage, or premium-feature limits may apply.",Unknown,Online,US,,,YES,https://www.getty.edu/projects/open-content-program/,Official service URL — terms recheck recommended,2026-08-18,High,YES,
191,Google Arts & Culture — Free Access,Google Arts & Culture,LEARN FREE,Online Learning / Knowledge,"Free educational, research, reference, or learning access; paid upgrades may exist.",0,,Free tier / free content,"Account, usage, certificate, storage, or premium-feature limits may apply.",Unknown,Online,US,,,YES,https://artsandculture.google.com/,Official service URL — terms recheck recommended,2026-08-18,High,YES,
192,Europeana — Free Access,Europeana,LEARN FREE,Online Learning / Knowledge,"Free educational, research, reference, or learning access; paid upgrades may exist.",0,,Free tier / free content,"Account, usage, certificate, storage, or premium-feature limits may apply.",Unknown,Online,US,,,YES,https://www.europeana.eu/,Official service URL — terms recheck recommended,2026-08-18,High,YES,
193,Wikimedia Commons — Free Access,Wikimedia Commons,LEARN FREE,Online Learning / Knowledge,"Free educational, research, reference, or learning access; paid upgrades may exist.",0,,Free tier / free content,"Account, usage, certificate, storage, or premium-feature limits may apply.",Unknown,Online,US,,,YES,https://commons.wikimedia.org/,Official service URL — terms recheck recommended,2026-08-18,High,YES,
194,Wikipedia — Free Access,Wikipedia,LEARN FREE,Online Learning / Knowledge,"Free educational, research, reference, or learning access; paid upgrades may exist.",0,,Free tier / free content,"Account, usage, certificate, storage, or premium-feature limits may apply.",Unknown,Online,US,,,YES,https://www.wikipedia.org/,Official service URL — terms recheck recommended,2026-08-18,High,YES,
195,OpenStreetMap — Free Access,OpenStreetMap,LEARN FREE,Online Learning / Knowledge,"Free educational, research, reference, or learning access; paid upgrades may exist.",0,,Free tier / free content,"Account, usage, certificate, storage, or premium-feature limits may apply.",Unknown,Online,US,,,YES,https://www.openstreetmap.org/,Official service URL — terms recheck recommended,2026-08-18,High,YES,
196,iNaturalist — Free Access,iNaturalist,LEARN FREE,Online Learning / Knowledge,"Free educational, research, reference, or learning access; paid upgrades may exist.",0,,Free tier / free content,"Account, usage, certificate, storage, or premium-feature limits may apply.",Unknown,Online,US,,,YES,https://www.inaturalist.org/,Official service URL — terms recheck recommended,2026-08-18,High,YES,
197,eBird — Free Access,eBird,LEARN FREE,Online Learning / Knowledge,"Free educational, research, reference, or learning access; paid upgrades may exist.",0,,Free tier / free content,"Account, usage, certificate, storage, or premium-feature limits may apply.",Unknown,Online,US,,,YES,https://ebird.org/,Official service URL — terms recheck recommended,2026-08-18,High,YES,
198,Merlin Bird ID — Free Access,Merlin Bird ID,LEARN FREE,Online Learning / Knowledge,"Free educational, research, reference, or learning access; paid upgrades may exist.",0,,Free tier / free content,"Account, usage, certificate, storage, or premium-feature limits may apply.",Unknown,Online,US,,,YES,https://merlin.allaboutbirds.org/,Official service URL — terms recheck recommended,2026-08-18,High,YES,
199,Seek by iNaturalist — Free Access,Seek by iNaturalist,LEARN FREE,Online Learning / Knowledge,"Free educational, research, reference, or learning access; paid upgrades may exist.",0,,Free tier / free content,"Account, usage, certificate, storage, or premium-feature limits may apply.",Unknown,Online,US,,,YES,https://www.inaturalist.org/pages/seek_app,Official service URL — terms recheck recommended,2026-08-18,High,YES,
200,GitHub Free — $0 Plan/Access,GitHub Free,ONLINE FREE,Software / SaaS,"Free software, open-source app, or $0 service tier; premium limits may apply.",0,,Free tier / free software,"Usage, storage, team, export, ad, or commercial-use limits may apply.",Unknown,Online,US,,,YES,https://github.com/pricing,Official pricing/product URL — recheck limits periodically,2026-08-18,High,YES,
201,GitLab Free — $0 Plan/Access,GitLab Free,ONLINE FREE,Software / SaaS,"Free software, open-source app, or $0 service tier; premium limits may apply.",0,,Free tier / free software,"Usage, storage, team, export, ad, or commercial-use limits may apply.",Unknown,Online,US,,,YES,https://about.gitlab.com/pricing/,Official pricing/product URL — recheck limits periodically,2026-08-18,High,YES,
202,Bitbucket Free — $0 Plan/Access,Bitbucket Free,ONLINE FREE,Software / SaaS,"Free software, open-source app, or $0 service tier; premium limits may apply.",0,,Free tier / free software,"Usage, storage, team, export, ad, or commercial-use limits may apply.",Unknown,Online,US,,,YES,https://www.atlassian.com/software/bitbucket/pricing,Official pricing/product URL — recheck limits periodically,2026-08-18,High,YES,
203,Canva Free — $0 Plan/Access,Canva Free,ONLINE FREE,Software / SaaS,"Free software, open-source app, or $0 service tier; premium limits may apply.",0,,Free tier / free software,"Usage, storage, team, export, ad, or commercial-use limits may apply.",Unknown,Online,US,,,YES,https://www.canva.com/pricing/,Official pricing/product URL — recheck limits periodically,2026-08-18,High,YES,
204,Figma Starter — $0 Plan/Access,Figma Starter,ONLINE FREE,Software / SaaS,"Free software, open-source app, or $0 service tier; premium limits may apply.",0,,Free tier / free software,"Usage, storage, team, export, ad, or commercial-use limits may apply.",Unknown,Online,US,,,YES,https://www.figma.com/pricing/,Official pricing/product URL — recheck limits periodically,2026-08-18,High,YES,
205,Notion Free — $0 Plan/Access,Notion Free,ONLINE FREE,Software / SaaS,"Free software, open-source app, or $0 service tier; premium limits may apply.",0,,Free tier / free software,"Usage, storage, team, export, ad, or commercial-use limits may apply.",Unknown,Online,US,,,YES,https://www.notion.so/pricing,Official pricing/product URL — recheck limits periodically,2026-08-18,High,YES,
206,Trello Free — $0 Plan/Access,Trello Free,ONLINE FREE,Software / SaaS,"Free software, open-source app, or $0 service tier; premium limits may apply.",0,,Free tier / free software,"Usage, storage, team, export, ad, or commercial-use limits may apply.",Unknown,Online,US,,,YES,https://trello.com/pricing,Official pricing/product URL — recheck limits periodically,2026-08-18,High,YES,
207,Asana Personal — $0 Plan/Access,Asana Personal,ONLINE FREE,Software / SaaS,"Free software, open-source app, or $0 service tier; premium limits may apply.",0,,Free tier / free software,"Usage, storage, team, export, ad, or commercial-use limits may apply.",Unknown,Online,US,,,YES,https://asana.com/pricing,Official pricing/product URL — recheck limits periodically,2026-08-18,High,YES,
208,ClickUp Free Forever — $0 Plan/Access,ClickUp Free Forever,ONLINE FREE,Software / SaaS,"Free software, open-source app, or $0 service tier; premium limits may apply.",0,,Free tier / free software,"Usage, storage, team, export, ad, or commercial-use limits may apply.",Unknown,Online,US,,,YES,https://clickup.com/pricing,Official pricing/product URL — recheck limits periodically,2026-08-18,High,YES,
209,Todoist Beginner — $0 Plan/Access,Todoist Beginner,ONLINE FREE,Software / SaaS,"Free software, open-source app, or $0 service tier; premium limits may apply.",0,,Free tier / free software,"Usage, storage, team, export, ad, or commercial-use limits may apply.",Unknown,Online,US,,,YES,https://todoist.com/pricing,Official pricing/product URL — recheck limits periodically,2026-08-18,High,YES,
210,Microsoft To Do — $0 Plan/Access,Microsoft To Do,ONLINE FREE,Software / SaaS,"Free software, open-source app, or $0 service tier; premium limits may apply.",0,,Free tier / free software,"Usage, storage, team, export, ad, or commercial-use limits may apply.",Unknown,Online,US,,,YES,https://www.microsoft.com/microsoft-365/microsoft-to-do-list-app,Official pricing/product URL — recheck limits periodically,2026-08-18,High,YES,
211,Google Keep — $0 Plan/Access,Google Keep,ONLINE FREE,Software / SaaS,"Free software, open-source app, or $0 service tier; premium limits may apply.",0,,Free tier / free software,"Usage, storage, team, export, ad, or commercial-use limits may apply.",Unknown,Online,US,,,YES,https://keep.google.com/,Official pricing/product URL — recheck limits periodically,2026-08-18,High,YES,
212,Google Docs — $0 Plan/Access,Google Docs,ONLINE FREE,Software / SaaS,"Free software, open-source app, or $0 service tier; premium limits may apply.",0,,Free tier / free software,"Usage, storage, team, export, ad, or commercial-use limits may apply.",Unknown,Online,US,,,YES,https://docs.google.com/,Official pricing/product URL — recheck limits periodically,2026-08-18,High,YES,
213,Google Sheets — $0 Plan/Access,Google Sheets,ONLINE FREE,Software / SaaS,"Free software, open-source app, or $0 service tier; premium limits may apply.",0,,Free tier / free software,"Usage, storage, team, export, ad, or commercial-use limits may apply.",Unknown,Online,US,,,YES,https://docs.google.com/spreadsheets/,Official pricing/product URL — recheck limits periodically,2026-08-18,High,YES,
214,Google Slides — $0 Plan/Access,Google Slides,ONLINE FREE,Software / SaaS,"Free software, open-source app, or $0 service tier; premium limits may apply.",0,,Free tier / free software,"Usage, storage, team, export, ad, or commercial-use limits may apply.",Unknown,Online,US,,,YES,https://docs.google.com/presentation/,Official pricing/product URL — recheck limits periodically,2026-08-18,High,YES,
215,Google Forms — $0 Plan/Access,Google Forms,ONLINE FREE,Software / SaaS,"Free software, open-source app, or $0 service tier; premium limits may apply.",0,,Free tier / free software,"Usage, storage, team, export, ad, or commercial-use limits may apply.",Unknown,Online,US,,,YES,https://docs.google.com/forms/,Official pricing/product URL — recheck limits periodically,2026-08-18,High,YES,
216,Google Drive Free Storage — $0 Plan/Access,Google Drive Free Storage,ONLINE FREE,Software / SaaS,"Free software, open-source app, or $0 service tier; premium limits may apply.",0,,Free tier / free software,"Usage, storage, team, export, ad, or commercial-use limits may apply.",Unknown,Online,US,,,YES,https://drive.google.com/,Official pricing/product URL — recheck limits periodically,2026-08-18,High,YES,
217,Dropbox Basic — $0 Plan/Access,Dropbox Basic,ONLINE FREE,Software / SaaS,"Free software, open-source app, or $0 service tier; premium limits may apply.",0,,Free tier / free software,"Usage, storage, team, export, ad, or commercial-use limits may apply.",Unknown,Online,US,,,YES,https://www.dropbox.com/basic,Official pricing/product URL — recheck limits periodically,2026-08-18,High,YES,
218,Box Individual Free — $0 Plan/Access,Box Individual Free,ONLINE FREE,Software / SaaS,"Free software, open-source app, or $0 service tier; premium limits may apply.",0,,Free tier / free software,"Usage, storage, team, export, ad, or commercial-use limits may apply.",Unknown,Online,US,,,YES,https://www.box.com/pricing/individual,Official pricing/product URL — recheck limits periodically,2026-08-18,High,YES,
219,OneDrive Free — $0 Plan/Access,OneDrive Free,ONLINE FREE,Software / SaaS,"Free software, open-source app, or $0 service tier; premium limits may apply.",0,,Free tier / free software,"Usage, storage, team, export, ad, or commercial-use limits may apply.",Unknown,Online,US,,,YES,https://www.microsoft.com/microsoft-365/onedrive/online-cloud-storage,Official pricing/product URL — recheck limits periodically,2026-08-18,High,YES,
220,Slack Free — $0 Plan/Access,Slack Free,ONLINE FREE,Software / SaaS,"Free software, open-source app, or $0 service tier; premium limits may apply.",0,,Free tier / free software,"Usage, storage, team, export, ad, or commercial-use limits may apply.",Unknown,Online,US,,,YES,https://slack.com/pricing,Official pricing/product URL — recheck limits periodically,2026-08-18,High,YES,
221,Discord Free — $0 Plan/Access,Discord Free,ONLINE FREE,Software / SaaS,"Free software, open-source app, or $0 service tier; premium limits may apply.",0,,Free tier / free software,"Usage, storage, team, export, ad, or commercial-use limits may apply.",Unknown,Online,US,,,YES,https://discord.com/,Official pricing/product URL — recheck limits periodically,2026-08-18,High,YES,
222,Zoom Basic — $0 Plan/Access,Zoom Basic,ONLINE FREE,Software / SaaS,"Free software, open-source app, or $0 service tier; premium limits may apply.",0,,Free tier / free software,"Usage, storage, team, export, ad, or commercial-use limits may apply.",Unknown,Online,US,,,YES,https://zoom.us/pricing,Official pricing/product URL — recheck limits periodically,2026-08-18,High,YES,
223,Google Meet Free — $0 Plan/Access,Google Meet Free,ONLINE FREE,Software / SaaS,"Free software, open-source app, or $0 service tier; premium limits may apply.",0,,Free tier / free software,"Usage, storage, team, export, ad, or commercial-use limits may apply.",Unknown,Online,US,,,YES,https://meet.google.com/,Official pricing/product URL — recheck limits periodically,2026-08-18,High,YES,
224,Jitsi Meet — $0 Plan/Access,Jitsi Meet,ONLINE FREE,Software / SaaS,"Free software, open-source app, or $0 service tier; premium limits may apply.",0,,Free tier / free software,"Usage, storage, team, export, ad, or commercial-use limits may apply.",Unknown,Online,US,,,YES,https://meet.jit.si/,Official pricing/product URL — recheck limits periodically,2026-08-18,High,YES,
225,Signal — $0 Plan/Access,Signal,ONLINE FREE,Software / SaaS,"Free software, open-source app, or $0 service tier; premium limits may apply.",0,,Free tier / free software,"Usage, storage, team, export, ad, or commercial-use limits may apply.",Unknown,Online,US,,,YES,https://signal.org/,Official pricing/product URL — recheck limits periodically,2026-08-18,High,YES,
226,Telegram — $0 Plan/Access,Telegram,ONLINE FREE,Software / SaaS,"Free software, open-source app, or $0 service tier; premium limits may apply.",0,,Free tier / free software,"Usage, storage, team, export, ad, or commercial-use limits may apply.",Unknown,Online,US,,,YES,https://telegram.org/,Official pricing/product URL — recheck limits periodically,2026-08-18,High,YES,
227,WhatsApp — $0 Plan/Access,WhatsApp,ONLINE FREE,Software / SaaS,"Free software, open-source app, or $0 service tier; premium limits may apply.",0,,Free tier / free software,"Usage, storage, team, export, ad, or commercial-use limits may apply.",Unknown,Online,US,,,YES,https://www.whatsapp.com/,Official pricing/product URL — recheck limits periodically,2026-08-18,High,YES,
228,OBS Studio — $0 Plan/Access,OBS Studio,ONLINE FREE,Software / SaaS,"Free software, open-source app, or $0 service tier; premium limits may apply.",0,,Free tier / free software,"Usage, storage, team, export, ad, or commercial-use limits may apply.",Unknown,Online,US,,,YES,https://obsproject.com/,Official pricing/product URL — recheck limits periodically,2026-08-18,High,YES,
229,DaVinci Resolve Free — $0 Plan/Access,DaVinci Resolve Free,ONLINE FREE,Software / SaaS,"Free software, open-source app, or $0 service tier; premium limits may apply.",0,,Free tier / free software,"Usage, storage, team, export, ad, or commercial-use limits may apply.",Unknown,Online,US,,,YES,https://www.blackmagicdesign.com/products/davinciresolve,Official pricing/product URL — recheck limits periodically,2026-08-18,High,YES,
230,CapCut Free — $0 Plan/Access,CapCut Free,ONLINE FREE,Software / SaaS,"Free software, open-source app, or $0 service tier; premium limits may apply.",0,,Free tier / free software,"Usage, storage, team, export, ad, or commercial-use limits may apply.",Unknown,Online,US,,,YES,https://www.capcut.com/,Official pricing/product URL — recheck limits periodically,2026-08-18,High,YES,
231,Shotcut — $0 Plan/Access,Shotcut,ONLINE FREE,Software / SaaS,"Free software, open-source app, or $0 service tier; premium limits may apply.",0,,Free tier / free software,"Usage, storage, team, export, ad, or commercial-use limits may apply.",Unknown,Online,US,,,YES,https://shotcut.org/,Official pricing/product URL — recheck limits periodically,2026-08-18,High,YES,
232,Kdenlive — $0 Plan/Access,Kdenlive,ONLINE FREE,Software / SaaS,"Free software, open-source app, or $0 service tier; premium limits may apply.",0,,Free tier / free software,"Usage, storage, team, export, ad, or commercial-use limits may apply.",Unknown,Online,US,,,YES,https://kdenlive.org/,Official pricing/product URL — recheck limits periodically,2026-08-18,High,YES,
233,OpenShot — $0 Plan/Access,OpenShot,ONLINE FREE,Software / SaaS,"Free software, open-source app, or $0 service tier; premium limits may apply.",0,,Free tier / free software,"Usage, storage, team, export, ad, or commercial-use limits may apply.",Unknown,Online,US,,,YES,https://www.openshot.org/,Official pricing/product URL — recheck limits periodically,2026-08-18,High,YES,
234,Audacity — $0 Plan/Access,Audacity,ONLINE FREE,Software / SaaS,"Free software, open-source app, or $0 service tier; premium limits may apply.",0,,Free tier / free software,"Usage, storage, team, export, ad, or commercial-use limits may apply.",Unknown,Online,US,,,YES,https://www.audacityteam.org/,Official pricing/product URL — recheck limits periodically,2026-08-18,High,YES,
235,GarageBand — $0 Plan/Access,GarageBand,ONLINE FREE,Software / SaaS,"Free software, open-source app, or $0 service tier; premium limits may apply.",0,,Free tier / free software,"Usage, storage, team, export, ad, or commercial-use limits may apply.",Unknown,Online,US,,,YES,https://www.apple.com/mac/garageband/,Official pricing/product URL — recheck limits periodically,2026-08-18,High,YES,
236,LMMS — $0 Plan/Access,LMMS,ONLINE FREE,Software / SaaS,"Free software, open-source app, or $0 service tier; premium limits may apply.",0,,Free tier / free software,"Usage, storage, team, export, ad, or commercial-use limits may apply.",Unknown,Online,US,,,YES,https://lmms.io/,Official pricing/product URL — recheck limits periodically,2026-08-18,High,YES,
237,GIMP — $0 Plan/Access,GIMP,ONLINE FREE,Software / SaaS,"Free software, open-source app, or $0 service tier; premium limits may apply.",0,,Free tier / free software,"Usage, storage, team, export, ad, or commercial-use limits may apply.",Unknown,Online,US,,,YES,https://www.gimp.org/,Official pricing/product URL — recheck limits periodically,2026-08-18,High,YES,
238,Krita — $0 Plan/Access,Krita,ONLINE FREE,Software / SaaS,"Free software, open-source app, or $0 service tier; premium limits may apply.",0,,Free tier / free software,"Usage, storage, team, export, ad, or commercial-use limits may apply.",Unknown,Online,US,,,YES,https://krita.org/,Official pricing/product URL — recheck limits periodically,2026-08-18,High,YES,
239,Inkscape — $0 Plan/Access,Inkscape,ONLINE FREE,Software / SaaS,"Free software, open-source app, or $0 service tier; premium limits may apply.",0,,Free tier / free software,"Usage, storage, team, export, ad, or commercial-use limits may apply.",Unknown,Online,US,,,YES,https://inkscape.org/,Official pricing/product URL — recheck limits periodically,2026-08-18,High,YES,
240,Blender — $0 Plan/Access,Blender,ONLINE FREE,Software / SaaS,"Free software, open-source app, or $0 service tier; premium limits may apply.",0,,Free tier / free software,"Usage, storage, team, export, ad, or commercial-use limits may apply.",Unknown,Online,US,,,YES,https://www.blender.org/,Official pricing/product URL — recheck limits periodically,2026-08-18,High,YES,
241,Photopea — $0 Plan/Access,Photopea,ONLINE FREE,Software / SaaS,"Free software, open-source app, or $0 service tier; premium limits may apply.",0,,Free tier / free software,"Usage, storage, team, export, ad, or commercial-use limits may apply.",Unknown,Online,US,,,YES,https://www.photopea.com/,Official pricing/product URL — recheck limits periodically,2026-08-18,High,YES,
242,Pixlr Free — $0 Plan/Access,Pixlr Free,ONLINE FREE,Software / SaaS,"Free software, open-source app, or $0 service tier; premium limits may apply.",0,,Free tier / free software,"Usage, storage, team, export, ad, or commercial-use limits may apply.",Unknown,Online,US,,,YES,https://pixlr.com/,Official pricing/product URL — recheck limits periodically,2026-08-18,High,YES,
243,Adobe Express Free — $0 Plan/Access,Adobe Express Free,ONLINE FREE,Software / SaaS,"Free software, open-source app, or $0 service tier; premium limits may apply.",0,,Free tier / free software,"Usage, storage, team, export, ad, or commercial-use limits may apply.",Unknown,Online,US,,,YES,https://www.adobe.com/express/pricing,Official pricing/product URL — recheck limits periodically,2026-08-18,High,YES,
244,Clipchamp Free — $0 Plan/Access,Clipchamp Free,ONLINE FREE,Software / SaaS,"Free software, open-source app, or $0 service tier; premium limits may apply.",0,,Free tier / free software,"Usage, storage, team, export, ad, or commercial-use limits may apply.",Unknown,Online,US,,,YES,https://clipchamp.com/en/pricing/,Official pricing/product URL — recheck limits periodically,2026-08-18,High,YES,
245,HandBrake — $0 Plan/Access,HandBrake,ONLINE FREE,Software / SaaS,"Free software, open-source app, or $0 service tier; premium limits may apply.",0,,Free tier / free software,"Usage, storage, team, export, ad, or commercial-use limits may apply.",Unknown,Online,US,,,YES,https://handbrake.fr/,Official pricing/product URL — recheck limits periodically,2026-08-18,High,YES,
246,VLC — $0 Plan/Access,VLC,ONLINE FREE,Software / SaaS,"Free software, open-source app, or $0 service tier; premium limits may apply.",0,,Free tier / free software,"Usage, storage, team, export, ad, or commercial-use limits may apply.",Unknown,Online,US,,,YES,https://www.videolan.org/vlc/,Official pricing/product URL — recheck limits periodically,2026-08-18,High,YES,
247,7-Zip — $0 Plan/Access,7-Zip,ONLINE FREE,Software / SaaS,"Free software, open-source app, or $0 service tier; premium limits may apply.",0,,Free tier / free software,"Usage, storage, team, export, ad, or commercial-use limits may apply.",Unknown,Online,US,,,YES,https://www.7-zip.org/,Official pricing/product URL — recheck limits periodically,2026-08-18,High,YES,
248,PeaZip — $0 Plan/Access,PeaZip,ONLINE FREE,Software / SaaS,"Free software, open-source app, or $0 service tier; premium limits may apply.",0,,Free tier / free software,"Usage, storage, team, export, ad, or commercial-use limits may apply.",Unknown,Online,US,,,YES,https://peazip.github.io/,Official pricing/product URL — recheck limits periodically,2026-08-18,High,YES,
249,LibreOffice — $0 Plan/Access,LibreOffice,ONLINE FREE,Software / SaaS,"Free software, open-source app, or $0 service tier; premium limits may apply.",0,,Free tier / free software,"Usage, storage, team, export, ad, or commercial-use limits may apply.",Unknown,Online,US,,,YES,https://www.libreoffice.org/,Official pricing/product URL — recheck limits periodically,2026-08-18,High,YES,
250,Apache OpenOffice — $0 Plan/Access,Apache OpenOffice,ONLINE FREE,Software / SaaS,"Free software, open-source app, or $0 service tier; premium limits may apply.",0,,Free tier / free software,"Usage, storage, team, export, ad, or commercial-use limits may apply.",Unknown,Online,US,,,YES,https://www.openoffice.org/,Official pricing/product URL — recheck limits periodically,2026-08-18,High,YES,
251,OnlyOffice Desktop Editors — $0 Plan/Access,OnlyOffice Desktop Editors,ONLINE FREE,Software / SaaS,"Free software, open-source app, or $0 service tier; premium limits may apply.",0,,Free tier / free software,"Usage, storage, team, export, ad, or commercial-use limits may apply.",Unknown,Online,US,,,YES,https://www.onlyoffice.com/desktop.aspx,Official pricing/product URL — recheck limits periodically,2026-08-18,High,YES,
252,Visual Studio Code — $0 Plan/Access,Visual Studio Code,ONLINE FREE,Software / SaaS,"Free software, open-source app, or $0 service tier; premium limits may apply.",0,,Free tier / free software,"Usage, storage, team, export, ad, or commercial-use limits may apply.",Unknown,Online,US,,,YES,https://code.visualstudio.com/,Official pricing/product URL — recheck limits periodically,2026-08-18,High,YES,
253,Visual Studio Community — $0 Plan/Access,Visual Studio Community,ONLINE FREE,Software / SaaS,"Free software, open-source app, or $0 service tier; premium limits may apply.",0,,Free tier / free software,"Usage, storage, team, export, ad, or commercial-use limits may apply.",Unknown,Online,US,,,YES,https://visualstudio.microsoft.com/vs/community/,Official pricing/product URL — recheck limits periodically,2026-08-18,High,YES,
254,IntelliJ IDEA Community — $0 Plan/Access,IntelliJ IDEA Community,ONLINE FREE,Software / SaaS,"Free software, open-source app, or $0 service tier; premium limits may apply.",0,,Free tier / free software,"Usage, storage, team, export, ad, or commercial-use limits may apply.",Unknown,Online,US,,,YES,https://www.jetbrains.com/idea/download/,Official pricing/product URL — recheck limits periodically,2026-08-18,High,YES,
255,PyCharm Community — $0 Plan/Access,PyCharm Community,ONLINE FREE,Software / SaaS,"Free software, open-source app, or $0 service tier; premium limits may apply.",0,,Free tier / free software,"Usage, storage, team, export, ad, or commercial-use limits may apply.",Unknown,Online,US,,,YES,https://www.jetbrains.com/pycharm/download/,Official pricing/product URL — recheck limits periodically,2026-08-18,High,YES,
256,Eclipse IDE — $0 Plan/Access,Eclipse IDE,ONLINE FREE,Software / SaaS,"Free software, open-source app, or $0 service tier; premium limits may apply.",0,,Free tier / free software,"Usage, storage, team, export, ad, or commercial-use limits may apply.",Unknown,Online,US,,,YES,https://www.eclipse.org/ide/,Official pricing/product URL — recheck limits periodically,2026-08-18,High,YES,
257,NetBeans — $0 Plan/Access,NetBeans,ONLINE FREE,Software / SaaS,"Free software, open-source app, or $0 service tier; premium limits may apply.",0,,Free tier / free software,"Usage, storage, team, export, ad, or commercial-use limits may apply.",Unknown,Online,US,,,YES,https://netbeans.apache.org/,Official pricing/product URL — recheck limits periodically,2026-08-18,High,YES,
258,Vim — $0 Plan/Access,Vim,ONLINE FREE,Software / SaaS,"Free software, open-source app, or $0 service tier; premium limits may apply.",0,,Free tier / free software,"Usage, storage, team, export, ad, or commercial-use limits may apply.",Unknown,Online,US,,,YES,https://www.vim.org/,Official pricing/product URL — recheck limits periodically,2026-08-18,High,YES,
259,Neovim — $0 Plan/Access,Neovim,ONLINE FREE,Software / SaaS,"Free software, open-source app, or $0 service tier; premium limits may apply.",0,,Free tier / free software,"Usage, storage, team, export, ad, or commercial-use limits may apply.",Unknown,Online,US,,,YES,https://neovim.io/,Official pricing/product URL — recheck limits periodically,2026-08-18,High,YES,
260,Sublime Text Evaluation — $0 Plan/Access,Sublime Text Evaluation,ONLINE FREE,Software / SaaS,"Free software, open-source app, or $0 service tier; premium limits may apply.",0,,Free tier / free software,"Usage, storage, team, export, ad, or commercial-use limits may apply.",Unknown,Online,US,,,YES,https://www.sublimetext.com/,Official pricing/product URL — recheck limits periodically,2026-08-18,High,YES,
261,Postman Free — $0 Plan/Access,Postman Free,ONLINE FREE,Software / SaaS,"Free software, open-source app, or $0 service tier; premium limits may apply.",0,,Free tier / free software,"Usage, storage, team, export, ad, or commercial-use limits may apply.",Unknown,Online,US,,,YES,https://www.postman.com/pricing/,Official pricing/product URL — recheck limits periodically,2026-08-18,High,YES,
262,Insomnia Free — $0 Plan/Access,Insomnia Free,ONLINE FREE,Software / SaaS,"Free software, open-source app, or $0 service tier; premium limits may apply.",0,,Free tier / free software,"Usage, storage, team, export, ad, or commercial-use limits may apply.",Unknown,Online,US,,,YES,https://insomnia.rest/pricing,Official pricing/product URL — recheck limits periodically,2026-08-18,High,YES,
263,Docker Personal — $0 Plan/Access,Docker Personal,ONLINE FREE,Software / SaaS,"Free software, open-source app, or $0 service tier; premium limits may apply.",0,,Free tier / free software,"Usage, storage, team, export, ad, or commercial-use limits may apply.",Unknown,Online,US,,,YES,https://www.docker.com/pricing/,Official pricing/product URL — recheck limits periodically,2026-08-18,High,YES,
264,MongoDB Atlas M0 — $0 Plan/Access,MongoDB Atlas M0,ONLINE FREE,Software / SaaS,"Free software, open-source app, or $0 service tier; premium limits may apply.",0,,Free tier / free software,"Usage, storage, team, export, ad, or commercial-use limits may apply.",Unknown,Online,US,,,YES,https://www.mongodb.com/pricing,Official pricing/product URL — recheck limits periodically,2026-08-18,High,YES,
265,Supabase Free — $0 Plan/Access,Supabase Free,ONLINE FREE,Software / SaaS,"Free software, open-source app, or $0 service tier; premium limits may apply.",0,,Free tier / free software,"Usage, storage, team, export, ad, or commercial-use limits may apply.",Unknown,Online,US,,,YES,https://supabase.com/pricing,Official pricing/product URL — recheck limits periodically,2026-08-18,High,YES,
266,Firebase Spark — $0 Plan/Access,Firebase Spark,ONLINE FREE,Software / SaaS,"Free software, open-source app, or $0 service tier; premium limits may apply.",0,,Free tier / free software,"Usage, storage, team, export, ad, or commercial-use limits may apply.",Unknown,Online,US,,,YES,https://firebase.google.com/pricing,Official pricing/product URL — recheck limits periodically,2026-08-18,High,YES,
267,Cloudflare Free — $0 Plan/Access,Cloudflare Free,ONLINE FREE,Software / SaaS,"Free software, open-source app, or $0 service tier; premium limits may apply.",0,,Free tier / free software,"Usage, storage, team, export, ad, or commercial-use limits may apply.",Unknown,Online,US,,,YES,https://www.cloudflare.com/plans/free/,Official pricing/product URL — recheck limits periodically,2026-08-18,High,YES,
268,Vercel Hobby — $0 Plan/Access,Vercel Hobby,ONLINE FREE,Software / SaaS,"Free software, open-source app, or $0 service tier; premium limits may apply.",0,,Free tier / free software,"Usage, storage, team, export, ad, or commercial-use limits may apply.",Unknown,Online,US,,,YES,https://vercel.com/pricing,Official pricing/product URL — recheck limits periodically,2026-08-18,High,YES,
269,Netlify Free — $0 Plan/Access,Netlify Free,ONLINE FREE,Software / SaaS,"Free software, open-source app, or $0 service tier; premium limits may apply.",0,,Free tier / free software,"Usage, storage, team, export, ad, or commercial-use limits may apply.",Unknown,Online,US,,,YES,https://www.netlify.com/pricing/,Official pricing/product URL — recheck limits periodically,2026-08-18,High,YES,
270,Render Free/Starter availability — $0 Plan/Access,Render Free/Starter availability,ONLINE FREE,Software / SaaS,"Free software, open-source app, or $0 service tier; premium limits may apply.",0,,Free tier / free software,"Usage, storage, team, export, ad, or commercial-use limits may apply.",Unknown,Online,US,,,YES,https://render.com/pricing,Official pricing/product URL — recheck limits periodically,2026-08-18,High,YES,
271,Railway trial/free allowance check — $0 Plan/Access,Railway trial/free allowance check,ONLINE FREE,Software / SaaS,"Free software, open-source app, or $0 service tier; premium limits may apply.",0,,Free tier / free software,"Usage, storage, team, export, ad, or commercial-use limits may apply.",Unknown,Online,US,,,YES,https://railway.app/pricing,Official pricing/product URL — recheck limits periodically,2026-08-18,High,YES,
272,Neon Free — $0 Plan/Access,Neon Free,ONLINE FREE,Software / SaaS,"Free software, open-source app, or $0 service tier; premium limits may apply.",0,,Free tier / free software,"Usage, storage, team, export, ad, or commercial-use limits may apply.",Unknown,Online,US,,,YES,https://neon.tech/pricing,Official pricing/product URL — recheck limits periodically,2026-08-18,High,YES,
273,CockroachDB Basic — $0 Plan/Access,CockroachDB Basic,ONLINE FREE,Software / SaaS,"Free software, open-source app, or $0 service tier; premium limits may apply.",0,,Free tier / free software,"Usage, storage, team, export, ad, or commercial-use limits may apply.",Unknown,Online,US,,,YES,https://www.cockroachlabs.com/pricing/,Official pricing/product URL — recheck limits periodically,2026-08-18,High,YES,
274,Upstash Free — $0 Plan/Access,Upstash Free,ONLINE FREE,Software / SaaS,"Free software, open-source app, or $0 service tier; premium limits may apply.",0,,Free tier / free software,"Usage, storage, team, export, ad, or commercial-use limits may apply.",Unknown,Online,US,,,YES,https://upstash.com/pricing,Official pricing/product URL — recheck limits periodically,2026-08-18,High,YES,
275,Redis Cloud Free — $0 Plan/Access,Redis Cloud Free,ONLINE FREE,Software / SaaS,"Free software, open-source app, or $0 service tier; premium limits may apply.",0,,Free tier / free software,"Usage, storage, team, export, ad, or commercial-use limits may apply.",Unknown,Online,US,,,YES,https://redis.io/pricing/,Official pricing/product URL — recheck limits periodically,2026-08-18,High,YES,
276,Sentry Developer — $0 Plan/Access,Sentry Developer,ONLINE FREE,Software / SaaS,"Free software, open-source app, or $0 service tier; premium limits may apply.",0,,Free tier / free software,"Usage, storage, team, export, ad, or commercial-use limits may apply.",Unknown,Online,US,,,YES,https://sentry.io/pricing/,Official pricing/product URL — recheck limits periodically,2026-08-18,High,YES,
277,Grafana Cloud Free — $0 Plan/Access,Grafana Cloud Free,ONLINE FREE,Software / SaaS,"Free software, open-source app, or $0 service tier; premium limits may apply.",0,,Free tier / free software,"Usage, storage, team, export, ad, or commercial-use limits may apply.",Unknown,Online,US,,,YES,https://grafana.com/pricing/,Official pricing/product URL — recheck limits periodically,2026-08-18,High,YES,
278,Datadog Free tier check — $0 Plan/Access,Datadog Free tier check,ONLINE FREE,Software / SaaS,"Free software, open-source app, or $0 service tier; premium limits may apply.",0,,Free tier / free software,"Usage, storage, team, export, ad, or commercial-use limits may apply.",Unknown,Online,US,,,YES,https://www.datadoghq.com/pricing/,Official pricing/product URL — recheck limits periodically,2026-08-18,High,YES,
279,New Relic Free — $0 Plan/Access,New Relic Free,ONLINE FREE,Software / SaaS,"Free software, open-source app, or $0 service tier; premium limits may apply.",0,,Free tier / free software,"Usage, storage, team, export, ad, or commercial-use limits may apply.",Unknown,Online,US,,,YES,https://newrelic.com/pricing,Official pricing/product URL — recheck limits periodically,2026-08-18,High,YES,
280,UptimeRobot Free — $0 Plan/Access,UptimeRobot Free,ONLINE FREE,Software / SaaS,"Free software, open-source app, or $0 service tier; premium limits may apply.",0,,Free tier / free software,"Usage, storage, team, export, ad, or commercial-use limits may apply.",Unknown,Online,US,,,YES,https://uptimerobot.com/pricing/,Official pricing/product URL — recheck limits periodically,2026-08-18,High,YES,
281,Better Stack Free — $0 Plan/Access,Better Stack Free,ONLINE FREE,Software / SaaS,"Free software, open-source app, or $0 service tier; premium limits may apply.",0,,Free tier / free software,"Usage, storage, team, export, ad, or commercial-use limits may apply.",Unknown,Online,US,,,YES,https://betterstack.com/pricing,Official pricing/product URL — recheck limits periodically,2026-08-18,High,YES,
282,Mailchimp Free availability — $0 Plan/Access,Mailchimp Free availability,ONLINE FREE,Software / SaaS,"Free software, open-source app, or $0 service tier; premium limits may apply.",0,,Free tier / free software,"Usage, storage, team, export, ad, or commercial-use limits may apply.",Unknown,Online,US,,,YES,https://mailchimp.com/pricing/,Official pricing/product URL — recheck limits periodically,2026-08-18,High,YES,
283,Brevo Free — $0 Plan/Access,Brevo Free,ONLINE FREE,Software / SaaS,"Free software, open-source app, or $0 service tier; premium limits may apply.",0,,Free tier / free software,"Usage, storage, team, export, ad, or commercial-use limits may apply.",Unknown,Online,US,,,YES,https://www.brevo.com/pricing/,Official pricing/product URL — recheck limits periodically,2026-08-18,High,YES,
284,MailerLite Free — $0 Plan/Access,MailerLite Free,ONLINE FREE,Software / SaaS,"Free software, open-source app, or $0 service tier; premium limits may apply.",0,,Free tier / free software,"Usage, storage, team, export, ad, or commercial-use limits may apply.",Unknown,Online,US,,,YES,https://www.mailerlite.com/pricing,Official pricing/product URL — recheck limits periodically,2026-08-18,High,YES,
285,ConvertKit/Kit Free — $0 Plan/Access,ConvertKit/Kit Free,ONLINE FREE,Software / SaaS,"Free software, open-source app, or $0 service tier; premium limits may apply.",0,,Free tier / free software,"Usage, storage, team, export, ad, or commercial-use limits may apply.",Unknown,Online,US,,,YES,https://kit.com/pricing,Official pricing/product URL — recheck limits periodically,2026-08-18,High,YES,
286,Beehiiv Launch — $0 Plan/Access,Beehiiv Launch,ONLINE FREE,Software / SaaS,"Free software, open-source app, or $0 service tier; premium limits may apply.",0,,Free tier / free software,"Usage, storage, team, export, ad, or commercial-use limits may apply.",Unknown,Online,US,,,YES,https://www.beehiiv.com/pricing,Official pricing/product URL — recheck limits periodically,2026-08-18,High,YES,
287,Substack — $0 Plan/Access,Substack,ONLINE FREE,Software / SaaS,"Free software, open-source app, or $0 service tier; premium limits may apply.",0,,Free tier / free software,"Usage, storage, team, export, ad, or commercial-use limits may apply.",Unknown,Online,US,,,YES,https://substack.com/,Official pricing/product URL — recheck limits periodically,2026-08-18,High,YES,
288,Buffer Free — $0 Plan/Access,Buffer Free,ONLINE FREE,Software / SaaS,"Free software, open-source app, or $0 service tier; premium limits may apply.",0,,Free tier / free software,"Usage, storage, team, export, ad, or commercial-use limits may apply.",Unknown,Online,US,,,YES,https://buffer.com/pricing,Official pricing/product URL — recheck limits periodically,2026-08-18,High,YES,
289,Later Free availability — $0 Plan/Access,Later Free availability,ONLINE FREE,Software / SaaS,"Free software, open-source app, or $0 service tier; premium limits may apply.",0,,Free tier / free software,"Usage, storage, team, export, ad, or commercial-use limits may apply.",Unknown,Online,US,,,YES,https://later.com/pricing/,Official pricing/product URL — recheck limits periodically,2026-08-18,High,YES,
290,Hootsuite trial check — $0 Plan/Access,Hootsuite trial check,ONLINE FREE,Software / SaaS,"Free software, open-source app, or $0 service tier; premium limits may apply.",0,,Free tier / free software,"Usage, storage, team, export, ad, or commercial-use limits may apply.",Unknown,Online,US,,,YES,https://www.hootsuite.com/plans,Official pricing/product URL — recheck limits periodically,2026-08-18,High,YES,
291,Linktree Free — $0 Plan/Access,Linktree Free,ONLINE FREE,Software / SaaS,"Free software, open-source app, or $0 service tier; premium limits may apply.",0,,Free tier / free software,"Usage, storage, team, export, ad, or commercial-use limits may apply.",Unknown,Online,US,,,YES,https://linktr.ee/s/pricing/,Official pricing/product URL — recheck limits periodically,2026-08-18,High,YES,
292,Carrd Free — $0 Plan/Access,Carrd Free,ONLINE FREE,Software / SaaS,"Free software, open-source app, or $0 service tier; premium limits may apply.",0,,Free tier / free software,"Usage, storage, team, export, ad, or commercial-use limits may apply.",Unknown,Online,US,,,YES,https://carrd.co/,Official pricing/product URL — recheck limits periodically,2026-08-18,High,YES,
293,WordPress.com Free — $0 Plan/Access,WordPress.com Free,ONLINE FREE,Software / SaaS,"Free software, open-source app, or $0 service tier; premium limits may apply.",0,,Free tier / free software,"Usage, storage, team, export, ad, or commercial-use limits may apply.",Unknown,Online,US,,,YES,https://wordpress.com/pricing/,Official pricing/product URL — recheck limits periodically,2026-08-18,High,YES,
294,Wix Free Website — $0 Plan/Access,Wix Free Website,ONLINE FREE,Software / SaaS,"Free software, open-source app, or $0 service tier; premium limits may apply.",0,,Free tier / free software,"Usage, storage, team, export, ad, or commercial-use limits may apply.",Unknown,Online,US,,,YES,https://www.wix.com/upgrade/website,Official pricing/product URL — recheck limits periodically,2026-08-18,High,YES,
295,Weebly Free — $0 Plan/Access,Weebly Free,ONLINE FREE,Software / SaaS,"Free software, open-source app, or $0 service tier; premium limits may apply.",0,,Free tier / free software,"Usage, storage, team, export, ad, or commercial-use limits may apply.",Unknown,Online,US,,,YES,https://www.weebly.com/pricing,Official pricing/product URL — recheck limits periodically,2026-08-18,High,YES,
296,Google Sites — $0 Plan/Access,Google Sites,ONLINE FREE,Software / SaaS,"Free software, open-source app, or $0 service tier; premium limits may apply.",0,,Free tier / free software,"Usage, storage, team, export, ad, or commercial-use limits may apply.",Unknown,Online,US,,,YES,https://sites.google.com/,Official pricing/product URL — recheck limits periodically,2026-08-18,High,YES,
297,Blogger — $0 Plan/Access,Blogger,ONLINE FREE,Software / SaaS,"Free software, open-source app, or $0 service tier; premium limits may apply.",0,,Free tier / free software,"Usage, storage, team, export, ad, or commercial-use limits may apply.",Unknown,Online,US,,,YES,https://www.blogger.com/,Official pricing/product URL — recheck limits periodically,2026-08-18,High,YES,
298,Medium Free Reading/Writing — $0 Plan/Access,Medium Free Reading/Writing,ONLINE FREE,Software / SaaS,"Free software, open-source app, or $0 service tier; premium limits may apply.",0,,Free tier / free software,"Usage, storage, team, export, ad, or commercial-use limits may apply.",Unknown,Online,US,,,YES,https://medium.com/,Official pricing/product URL — recheck limits periodically,2026-08-18,High,YES,
299,Mastodon — $0 Plan/Access,Mastodon,ONLINE FREE,Software / SaaS,"Free software, open-source app, or $0 service tier; premium limits may apply.",0,,Free tier / free software,"Usage, storage, team, export, ad, or commercial-use limits may apply.",Unknown,Online,US,,,YES,https://joinmastodon.org/,Official pricing/product URL — recheck limits periodically,2026-08-18,High,YES,
300,Bluesky — $0 Plan/Access,Bluesky,ONLINE FREE,Software / SaaS,"Free software, open-source app, or $0 service tier; premium limits may apply.",0,,Free tier / free software,"Usage, storage, team, export, ad, or commercial-use limits may apply.",Unknown,Online,US,,,YES,https://bsky.app/,Official pricing/product URL — recheck limits periodically,2026-08-18,High,YES,
301,Pinterest — $0 Plan/Access,Pinterest,ONLINE FREE,Software / SaaS,"Free software, open-source app, or $0 service tier; premium limits may apply.",0,,Free tier / free software,"Usage, storage, team, export, ad, or commercial-use limits may apply.",Unknown,Online,US,,,YES,https://www.pinterest.com/,Official pricing/product URL — recheck limits periodically,2026-08-18,High,YES,
302,National Park Service Junior Ranger Programs — Free,National Park Service Junior Ranger Programs,KIDS FREE,Public / Government / Community,"Free public-interest service, resource, admission, or discovery tool.",0,,Free public resource,"Eligibility, reservations, local fees, parking, or specific program rules may apply.",Unknown,Nationwide,US,,,NO,https://www.nps.gov/kids/become-a-junior-ranger.htm,Official/public-interest source,2026-08-18,High,YES,
303,NASA STEM at Home — Free,NASA STEM at Home,LEARN FREE,Public / Government / Community,"Free public-interest service, resource, admission, or discovery tool.",0,,Free public resource,"Eligibility, reservations, local fees, parking, or specific program rules may apply.",Unknown,Nationwide,US,,,YES,https://www.nasa.gov/stem/,Official/public-interest source,2026-08-18,High,YES,
304,NOAA Education Resources — Free,NOAA Education Resources,LEARN FREE,Public / Government / Community,"Free public-interest service, resource, admission, or discovery tool.",0,,Free public resource,"Eligibility, reservations, local fees, parking, or specific program rules may apply.",Unknown,Nationwide,US,,,YES,https://www.noaa.gov/education,Official/public-interest source,2026-08-18,High,YES,
305,National Weather Service Forecasts — Free,National Weather Service Forecasts,ONLINE FREE,Public / Government / Community,"Free public-interest service, resource, admission, or discovery tool.",0,,Free public resource,"Eligibility, reservations, local fees, parking, or specific program rules may apply.",Unknown,Nationwide,US,,,YES,https://www.weather.gov/,Official/public-interest source,2026-08-18,High,YES,
306,USA.gov Government Services — Free,USA.gov Government Services,ONLINE FREE,Public / Government / Community,"Free public-interest service, resource, admission, or discovery tool.",0,,Free public resource,"Eligibility, reservations, local fees, parking, or specific program rules may apply.",Unknown,Nationwide,US,,,YES,https://www.usa.gov/,Official/public-interest source,2026-08-18,High,YES,
307,IRS Free File — Free,IRS Free File,ONLINE FREE,Public / Government / Community,"Free public-interest service, resource, admission, or discovery tool.",0,,Free public resource,"Eligibility, reservations, local fees, parking, or specific program rules may apply.",Unknown,Nationwide,US,,,YES,https://www.irs.gov/filing/irs-free-file-do-your-taxes-for-free,Official/public-interest source,2026-08-18,High,YES,
308,AnnualCreditReport.com Free Credit Reports — Free,AnnualCreditReport.com Free Credit Reports,ONLINE FREE,Public / Government / Community,"Free public-interest service, resource, admission, or discovery tool.",0,,Free public resource,"Eligibility, reservations, local fees, parking, or specific program rules may apply.",Unknown,Nationwide,US,,,YES,https://www.annualcreditreport.com/,Official/public-interest source,2026-08-18,High,YES,
309,FTC IdentityTheft.gov Recovery Plan — Free,FTC IdentityTheft.gov Recovery Plan,ONLINE FREE,Public / Government / Community,"Free public-interest service, resource, admission, or discovery tool.",0,,Free public resource,"Eligibility, reservations, local fees, parking, or specific program rules may apply.",Unknown,Nationwide,US,,,YES,https://www.identitytheft.gov/,Official/public-interest source,2026-08-18,High,YES,
310,Consumer Financial Protection Bureau Tools — Free,Consumer Financial Protection Bureau Tools,LEARN FREE,Public / Government / Community,"Free public-interest service, resource, admission, or discovery tool.",0,,Free public resource,"Eligibility, reservations, local fees, parking, or specific program rules may apply.",Unknown,Nationwide,US,,,YES,https://www.consumerfinance.gov/consumer-tools/,Official/public-interest source,2026-08-18,High,YES,
311,FDIC Money Smart — Free,FDIC Money Smart,LEARN FREE,Public / Government / Community,"Free public-interest service, resource, admission, or discovery tool.",0,,Free public resource,"Eligibility, reservations, local fees, parking, or specific program rules may apply.",Unknown,Nationwide,US,,,YES,https://www.fdic.gov/consumer-resource-center/money-smart,Official/public-interest source,2026-08-18,High,YES,
312,MyMoney.gov Financial Education — Free,MyMoney.gov Financial Education,LEARN FREE,Public / Government / Community,"Free public-interest service, resource, admission, or discovery tool.",0,,Free public resource,"Eligibility, reservations, local fees, parking, or specific program rules may apply.",Unknown,Nationwide,US,,,YES,https://www.mymoney.gov/,Official/public-interest source,2026-08-18,High,YES,
313,MedlinePlus — Free,MedlinePlus,LEARN FREE,Public / Government / Community,"Free public-interest service, resource, admission, or discovery tool.",0,,Free public resource,"Eligibility, reservations, local fees, parking, or specific program rules may apply.",Unknown,Nationwide,US,,,YES,https://medlineplus.gov/,Official/public-interest source,2026-08-18,High,YES,
314,ClinicalTrials.gov — Free,ClinicalTrials.gov,ONLINE FREE,Public / Government / Community,"Free public-interest service, resource, admission, or discovery tool.",0,,Free public resource,"Eligibility, reservations, local fees, parking, or specific program rules may apply.",Unknown,Nationwide,US,,,YES,https://clinicaltrials.gov/,Official/public-interest source,2026-08-18,High,YES,
315,CDC Publications & Resources — Free,CDC Publications & Resources,LEARN FREE,Public / Government / Community,"Free public-interest service, resource, admission, or discovery tool.",0,,Free public resource,"Eligibility, reservations, local fees, parking, or specific program rules may apply.",Unknown,Nationwide,US,,,YES,https://www.cdc.gov/,Official/public-interest source,2026-08-18,High,YES,
316,Ready.gov Preparedness Guides — Free,Ready.gov Preparedness Guides,LEARN FREE,Public / Government / Community,"Free public-interest service, resource, admission, or discovery tool.",0,,Free public resource,"Eligibility, reservations, local fees, parking, or specific program rules may apply.",Unknown,Nationwide,US,,,YES,https://www.ready.gov/,Official/public-interest source,2026-08-18,High,YES,
317,FEMA Independent Study Courses — Free,FEMA Independent Study Courses,LEARN FREE,Public / Government / Community,"Free public-interest service, resource, admission, or discovery tool.",0,,Free public resource,"Eligibility, reservations, local fees, parking, or specific program rules may apply.",Unknown,Nationwide,US,,,YES,https://training.fema.gov/is/,Official/public-interest source,2026-08-18,High,YES,
318,National Archives Founders Online — Free,National Archives Founders Online,LEARN FREE,Public / Government / Community,"Free public-interest service, resource, admission, or discovery tool.",0,,Free public resource,"Eligibility, reservations, local fees, parking, or specific program rules may apply.",Unknown,Nationwide,US,,,YES,https://founders.archives.gov/,Official/public-interest source,2026-08-18,High,YES,
319,Congress.gov — Free,Congress.gov,ONLINE FREE,Public / Government / Community,"Free public-interest service, resource, admission, or discovery tool.",0,,Free public resource,"Eligibility, reservations, local fees, parking, or specific program rules may apply.",Unknown,Nationwide,US,,,YES,https://www.congress.gov/,Official/public-interest source,2026-08-18,High,YES,
320,Supreme Court Opinions — Free,Supreme Court Opinions,LEARN FREE,Public / Government / Community,"Free public-interest service, resource, admission, or discovery tool.",0,,Free public resource,"Eligibility, reservations, local fees, parking, or specific program rules may apply.",Unknown,Nationwide,US,,,YES,https://www.supremecourt.gov/opinions/opinions.aspx,Official/public-interest source,2026-08-18,High,YES,
321,GovInfo — Free,GovInfo,ONLINE FREE,Public / Government / Community,"Free public-interest service, resource, admission, or discovery tool.",0,,Free public resource,"Eligibility, reservations, local fees, parking, or specific program rules may apply.",Unknown,Nationwide,US,,,YES,https://www.govinfo.gov/,Official/public-interest source,2026-08-18,High,YES,
322,USGS Topographic Maps / TopoView — Free,USGS Topographic Maps / TopoView,ONLINE FREE,Public / Government / Community,"Free public-interest service, resource, admission, or discovery tool.",0,,Free public resource,"Eligibility, reservations, local fees, parking, or specific program rules may apply.",Unknown,Nationwide,US,,,YES,https://ngmdb.usgs.gov/topoview/,Official/public-interest source,2026-08-18,High,YES,
323,USGS EarthExplorer Account Access — Free,USGS EarthExplorer Account Access,ONLINE FREE,Public / Government / Community,"Free public-interest service, resource, admission, or discovery tool.",0,,Free public resource,"Eligibility, reservations, local fees, parking, or specific program rules may apply.",Unknown,Nationwide,US,,,YES,https://earthexplorer.usgs.gov/,Official/public-interest source,2026-08-18,High,YES,
324,National Map Viewer — Free,National Map Viewer,ONLINE FREE,Public / Government / Community,"Free public-interest service, resource, admission, or discovery tool.",0,,Free public resource,"Eligibility, reservations, local fees, parking, or specific program rules may apply.",Unknown,Nationwide,US,,,YES,https://apps.nationalmap.gov/viewer/,Official/public-interest source,2026-08-18,High,YES,
325,National Agricultural Library Digital Collections — Free,National Agricultural Library Digital Collections,LEARN FREE,Public / Government / Community,"Free public-interest service, resource, admission, or discovery tool.",0,,Free public resource,"Eligibility, reservations, local fees, parking, or specific program rules may apply.",Unknown,Nationwide,US,,,YES,https://www.nal.usda.gov/,Official/public-interest source,2026-08-18,High,YES,
326,USDA MyPlate — Free,USDA MyPlate,LEARN FREE,Public / Government / Community,"Free public-interest service, resource, admission, or discovery tool.",0,,Free public resource,"Eligibility, reservations, local fees, parking, or specific program rules may apply.",Unknown,Nationwide,US,,,YES,https://www.myplate.gov/,Official/public-interest source,2026-08-18,High,YES,
327,National Library of Medicine Digital Collections — Free,National Library of Medicine Digital Collections,LEARN FREE,Public / Government / Community,"Free public-interest service, resource, admission, or discovery tool.",0,,Free public resource,"Eligibility, reservations, local fees, parking, or specific program rules may apply.",Unknown,Nationwide,US,,,YES,https://collections.nlm.nih.gov/,Official/public-interest source,2026-08-18,High,YES,
328,National Gallery of Art General Admission — Free,National Gallery of Art General Admission,GO FREE,Public / Government / Community,"Free public-interest service, resource, admission, or discovery tool.",0,,Free public resource,"Eligibility, reservations, local fees, parking, or specific program rules may apply.",Unknown,Local,US,,,NO,https://www.nga.gov/visit.html,Official/public-interest source,2026-08-18,High,YES,
329,United States Botanic Garden Admission — Free,United States Botanic Garden Admission,GO FREE,Public / Government / Community,"Free public-interest service, resource, admission, or discovery tool.",0,,Free public resource,"Eligibility, reservations, local fees, parking, or specific program rules may apply.",Unknown,Local,US,,,NO,https://www.usbg.gov/visit,Official/public-interest source,2026-08-18,High,YES,
330,Library of Congress Visitor Entry — Free,Library of Congress Visitor Entry,GO FREE,Public / Government / Community,"Free public-interest service, resource, admission, or discovery tool.",0,,Free public resource,"Eligibility, reservations, local fees, parking, or specific program rules may apply.",Unknown,Nationwide,US,,,NO,https://www.loc.gov/visit/,Official/public-interest source,2026-08-18,High,YES,
331,National Archives Museum Admission — Free,National Archives Museum Admission,GO FREE,Public / Government / Community,"Free public-interest service, resource, admission, or discovery tool.",0,,Free public resource,"Eligibility, reservations, local fees, parking, or specific program rules may apply.",Unknown,Local,US,,,NO,https://museum.archives.gov/,Official/public-interest source,2026-08-18,High,YES,
332,Bureau of Engraving and Printing Tour info — Free,Bureau of Engraving and Printing Tour info,GO FREE,Public / Government / Community,"Free public-interest service, resource, admission, or discovery tool.",0,,Free public resource,"Eligibility, reservations, local fees, parking, or specific program rules may apply.",Unknown,Nationwide,US,,,NO,https://www.bep.gov/visitor-centers/washington-dc-tour-and-visitor-center,Official/public-interest source,2026-08-18,High,YES,
333,Federal Reserve Education — Free,Federal Reserve Education,LEARN FREE,Public / Government / Community,"Free public-interest service, resource, admission, or discovery tool.",0,,Free public resource,"Eligibility, reservations, local fees, parking, or specific program rules may apply.",Unknown,Nationwide,US,,,YES,https://www.federalreserveeducation.org/,Official/public-interest source,2026-08-18,High,YES,
334,National Museum of the United States Air Force Admission — Free,National Museum of the United States Air Force Admission,GO FREE,Public / Government / Community,"Free public-interest service, resource, admission, or discovery tool.",0,,Free public resource,"Eligibility, reservations, local fees, parking, or specific program rules may apply.",Unknown,Local,US,,,NO,https://www.nationalmuseum.af.mil/Visit/,Official/public-interest source,2026-08-18,High,YES,
335,U.S. Army Museum General Admission — Free,U.S. Army Museum General Admission,GO FREE,Public / Government / Community,"Free public-interest service, resource, admission, or discovery tool.",0,,Free public resource,"Eligibility, reservations, local fees, parking, or specific program rules may apply.",Unknown,Local,US,,,NO,https://www.thenmusa.org/visit/,Official/public-interest source,2026-08-18,High,YES,
336,U.S. Navy Museum General Admission — Free,U.S. Navy Museum General Admission,GO FREE,Public / Government / Community,"Free public-interest service, resource, admission, or discovery tool.",0,,Free public resource,"Eligibility, reservations, local fees, parking, or specific program rules may apply.",Unknown,Local,US,,,NO,https://www.history.navy.mil/content/history/museums/nmusn.html,Official/public-interest source,2026-08-18,High,YES,
337,National Museum of the Marine Corps Admission — Free,National Museum of the Marine Corps Admission,GO FREE,Public / Government / Community,"Free public-interest service, resource, admission, or discovery tool.",0,,Free public resource,"Eligibility, reservations, local fees, parking, or specific program rules may apply.",Unknown,Local,US,,,NO,https://www.usmcmuseum.com/,Official/public-interest source,2026-08-18,High,YES,
338,National Museum of the U.S. Army Online Collections — Free,National Museum of the U.S. Army Online Collections,LEARN FREE,Public / Government / Community,"Free public-interest service, resource, admission, or discovery tool.",0,,Free public resource,"Eligibility, reservations, local fees, parking, or specific program rules may apply.",Unknown,Local,US,,,YES,https://history.army.mil/,Official/public-interest source,2026-08-18,High,YES,
339,National Park Service Webcams — Free,National Park Service Webcams,ONLINE FREE,Public / Government / Community,"Free public-interest service, resource, admission, or discovery tool.",0,,Free public resource,"Eligibility, reservations, local fees, parking, or specific program rules may apply.",Unknown,Nationwide,US,,,YES,https://www.nps.gov/subjects/air/webcams.htm,Official/public-interest source,2026-08-18,High,YES,
340,National Park Service App — Free,National Park Service App,ONLINE FREE,Public / Government / Community,"Free public-interest service, resource, admission, or discovery tool.",0,,Free public resource,"Eligibility, reservations, local fees, parking, or specific program rules may apply.",Unknown,Nationwide,US,,,YES,https://www.nps.gov/subjects/digital/nps-apps.htm,Official/public-interest source,2026-08-18,High,YES,
341,Recreation.gov Trip Planning Account — Free,Recreation.gov Trip Planning Account,ONLINE FREE,Public / Government / Community,"Free public-interest service, resource, admission, or discovery tool.",0,,Free public resource,"Eligibility, reservations, local fees, parking, or specific program rules may apply.",Unknown,Nationwide,US,,,YES,https://www.recreation.gov/,Official/public-interest source,2026-08-18,High,YES,
342,National Wildlife Refuge System Visitor Access resources — Free,National Wildlife Refuge System Visitor Access resources,GO FREE,Public / Government / Community,"Free public-interest service, resource, admission, or discovery tool.",0,,Free public resource,"Eligibility, reservations, local fees, parking, or specific program rules may apply.",Unknown,Nationwide,US,,,NO,https://www.fws.gov/program/national-wildlife-refuge-system,Official/public-interest source,2026-08-18,High,YES,
343,eBird Free Birding Database — Free,eBird Free Birding Database,PLAY FREE,Public / Government / Community,"Free public-interest service, resource, admission, or discovery tool.",0,,Free public resource,"Eligibility, reservations, local fees, parking, or specific program rules may apply.",Unknown,Nationwide,US,,,NO,https://ebird.org/,Official/public-interest source,2026-08-18,High,YES,
344,AllTrails Free Tier — Free,AllTrails Free Tier,PLAY FREE,Public / Government / Community,"Free public-interest service, resource, admission, or discovery tool.",0,,Free public resource,"Eligibility, reservations, local fees, parking, or specific program rules may apply.",Unknown,Nationwide,US,,,NO,https://www.alltrails.com/,Official/public-interest source,2026-08-18,High,YES,
345,Geocaching Basic Membership — Free,Geocaching Basic Membership,PLAY FREE,Public / Government / Community,"Free public-interest service, resource, admission, or discovery tool.",0,,Free public resource,"Eligibility, reservations, local fees, parking, or specific program rules may apply.",Unknown,Nationwide,US,,,NO,https://www.geocaching.com/,Official/public-interest source,2026-08-18,High,YES,
346,Meetup Free Event Discovery — Free,Meetup Free Event Discovery,GO FREE,Public / Government / Community,"Free public-interest service, resource, admission, or discovery tool.",0,,Free public resource,"Eligibility, reservations, local fees, parking, or specific program rules may apply.",Unknown,Nationwide,US,,,NO,https://www.meetup.com/,Official/public-interest source,2026-08-18,High,YES,
347,Eventbrite Free Event Discovery — Free,Eventbrite Free Event Discovery,GO FREE,Public / Government / Community,"Free public-interest service, resource, admission, or discovery tool.",0,,Free public resource,"Eligibility, reservations, local fees, parking, or specific program rules may apply.",Unknown,Nationwide,US,,,NO,https://www.eventbrite.com/,Official/public-interest source,2026-08-18,High,YES,
348,VolunteerMatch — Free,VolunteerMatch,GO FREE,Public / Government / Community,"Free public-interest service, resource, admission, or discovery tool.",0,,Free public resource,"Eligibility, reservations, local fees, parking, or specific program rules may apply.",Unknown,Nationwide,US,,,NO,https://www.volunteermatch.org/,Official/public-interest source,2026-08-18,High,YES,
349,Idealist Volunteer Search — Free,Idealist Volunteer Search,GO FREE,Public / Government / Community,"Free public-interest service, resource, admission, or discovery tool.",0,,Free public resource,"Eligibility, reservations, local fees, parking, or specific program rules may apply.",Unknown,Nationwide,US,,,NO,https://www.idealist.org/,Official/public-interest source,2026-08-18,High,YES,
350,211 Community Resource Search — Free,211 Community Resource Search,ONLINE FREE,Public / Government / Community,"Free public-interest service, resource, admission, or discovery tool.",0,,Free public resource,"Eligibility, reservations, local fees, parking, or specific program rules may apply.",Unknown,Nationwide,US,,,YES,https://www.211.org/,Official/public-interest source,2026-08-18,High,YES,
351,FindHelp.org Social Care Search — Free,FindHelp.org Social Care Search,ONLINE FREE,Public / Government / Community,"Free public-interest service, resource, admission, or discovery tool.",0,,Free public resource,"Eligibility, reservations, local fees, parking, or specific program rules may apply.",Unknown,Nationwide,US,,,YES,https://www.findhelp.org/,Official/public-interest source,2026-08-18,High,YES,
352,Starbucks Rewards — Birthday Reward Candidate,Starbucks Rewards,EAT FREE,Birthday / Loyalty,Potential birthday reward or free item through the brand's loyalty/email program. Exact reward varies and must be verified before publishing.,0,,Conditional birthday freebie,"Join program in advance; account activity, location, minimum spend, or redemption window may apply.",Unknown,Nationwide / participating locations,US,,,NO,,Candidate — official reward terms must be checked,2026-08-18,Medium,NO,Do not publish exact item/value until official terms are verified.
353,Dunkin' Rewards — Birthday Reward Candidate,Dunkin' Rewards,EAT FREE,Birthday / Loyalty,Potential birthday reward or free item through the brand's loyalty/email program. Exact reward varies and must be verified before publishing.,0,,Conditional birthday freebie,"Join program in advance; account activity, location, minimum spend, or redemption window may apply.",Unknown,Nationwide / participating locations,US,,,NO,,Candidate — official reward terms must be checked,2026-08-18,Medium,NO,Do not publish exact item/value until official terms are verified.
354,Baskin-Robbins — Birthday Reward Candidate,Baskin-Robbins,EAT FREE,Birthday / Loyalty,Potential birthday reward or free item through the brand's loyalty/email program. Exact reward varies and must be verified before publishing.,0,,Conditional birthday freebie,"Join program in advance; account activity, location, minimum spend, or redemption window may apply.",Unknown,Nationwide / participating locations,US,,,NO,,Candidate — official reward terms must be checked,2026-08-18,Medium,NO,Do not publish exact item/value until official terms are verified.
355,Krispy Kreme Rewards — Birthday Reward Candidate,Krispy Kreme Rewards,EAT FREE,Birthday / Loyalty,Potential birthday reward or free item through the brand's loyalty/email program. Exact reward varies and must be verified before publishing.,0,,Conditional birthday freebie,"Join program in advance; account activity, location, minimum spend, or redemption window may apply.",Unknown,Nationwide / participating locations,US,,,NO,,Candidate — official reward terms must be checked,2026-08-18,Medium,NO,Do not publish exact item/value until official terms are verified.
356,IHOP Rewards — Birthday Reward Candidate,IHOP Rewards,EAT FREE,Birthday / Loyalty,Potential birthday reward or free item through the brand's loyalty/email program. Exact reward varies and must be verified before publishing.,0,,Conditional birthday freebie,"Join program in advance; account activity, location, minimum spend, or redemption window may apply.",Unknown,Nationwide / participating locations,US,,,NO,,Candidate — official reward terms must be checked,2026-08-18,Medium,NO,Do not publish exact item/value until official terms are verified.
357,Denny's — Birthday Reward Candidate,Denny's,EAT FREE,Birthday / Loyalty,Potential birthday reward or free item through the brand's loyalty/email program. Exact reward varies and must be verified before publishing.,0,,Conditional birthday freebie,"Join program in advance; account activity, location, minimum spend, or redemption window may apply.",Unknown,Nationwide / participating locations,US,,,NO,,Candidate — official reward terms must be checked,2026-08-18,Medium,NO,Do not publish exact item/value until official terms are verified.
358,Red Robin Royalty — Birthday Reward Candidate,Red Robin Royalty,EAT FREE,Birthday / Loyalty,Potential birthday reward or free item through the brand's loyalty/email program. Exact reward varies and must be verified before publishing.,0,,Conditional birthday freebie,"Join program in advance; account activity, location, minimum spend, or redemption window may apply.",Unknown,Nationwide / participating locations,US,,,NO,,Candidate — official reward terms must be checked,2026-08-18,Medium,NO,Do not publish exact item/value until official terms are verified.
359,Buffalo Wild Wings Blazin' Rewards — Birthday Reward Candidate,Buffalo Wild Wings Blazin' Rewards,EAT FREE,Birthday / Loyalty,Potential birthday reward or free item through the brand's loyalty/email program. Exact reward varies and must be verified before publishing.,0,,Conditional birthday freebie,"Join program in advance; account activity, location, minimum spend, or redemption window may apply.",Unknown,Nationwide / participating locations,US,,,NO,,Candidate — official reward terms must be checked,2026-08-18,Medium,NO,Do not publish exact item/value until official terms are verified.
360,Chick-fil-A One — Birthday Reward Candidate,Chick-fil-A One,EAT FREE,Birthday / Loyalty,Potential birthday reward or free item through the brand's loyalty/email program. Exact reward varies and must be verified before publishing.,0,,Conditional birthday freebie,"Join program in advance; account activity, location, minimum spend, or redemption window may apply.",Unknown,Nationwide / participating locations,US,,,NO,,Candidate — official reward terms must be checked,2026-08-18,Medium,NO,Do not publish exact item/value until official terms are verified.
361,Panera MyPanera — Birthday Reward Candidate,Panera MyPanera,EAT FREE,Birthday / Loyalty,Potential birthday reward or free item through the brand's loyalty/email program. Exact reward varies and must be verified before publishing.,0,,Conditional birthday freebie,"Join program in advance; account activity, location, minimum spend, or redemption window may apply.",Unknown,Nationwide / participating locations,US,,,NO,,Candidate — official reward terms must be checked,2026-08-18,Medium,NO,Do not publish exact item/value until official terms are verified.
362,Jersey Mike's Shore Points — Birthday Reward Candidate,Jersey Mike's Shore Points,EAT FREE,Birthday / Loyalty,Potential birthday reward or free item through the brand's loyalty/email program. Exact reward varies and must be verified before publishing.,0,,Conditional birthday freebie,"Join program in advance; account activity, location, minimum spend, or redemption window may apply.",Unknown,Nationwide / participating locations,US,,,NO,,Candidate — official reward terms must be checked,2026-08-18,Medium,NO,Do not publish exact item/value until official terms are verified.
363,Firehouse Subs Rewards — Birthday Reward Candidate,Firehouse Subs Rewards,EAT FREE,Birthday / Loyalty,Potential birthday reward or free item through the brand's loyalty/email program. Exact reward varies and must be verified before publishing.,0,,Conditional birthday freebie,"Join program in advance; account activity, location, minimum spend, or redemption window may apply.",Unknown,Nationwide / participating locations,US,,,NO,,Candidate — official reward terms must be checked,2026-08-18,Medium,NO,Do not publish exact item/value until official terms are verified.
364,Nothing Bundt Cakes eClub — Birthday Reward Candidate,Nothing Bundt Cakes eClub,EAT FREE,Birthday / Loyalty,Potential birthday reward or free item through the brand's loyalty/email program. Exact reward varies and must be verified before publishing.,0,,Conditional birthday freebie,"Join program in advance; account activity, location, minimum spend, or redemption window may apply.",Unknown,Nationwide / participating locations,US,,,NO,,Candidate — official reward terms must be checked,2026-08-18,Medium,NO,Do not publish exact item/value until official terms are verified.
365,Sprinkles Perks — Birthday Reward Candidate,Sprinkles Perks,EAT FREE,Birthday / Loyalty,Potential birthday reward or free item through the brand's loyalty/email program. Exact reward varies and must be verified before publishing.,0,,Conditional birthday freebie,"Join program in advance; account activity, location, minimum spend, or redemption window may apply.",Unknown,Nationwide / participating locations,US,,,NO,,Candidate — official reward terms must be checked,2026-08-18,Medium,NO,Do not publish exact item/value until official terms are verified.
366,Insomnia Cookies — Birthday Reward Candidate,Insomnia Cookies,EAT FREE,Birthday / Loyalty,Potential birthday reward or free item through the brand's loyalty/email program. Exact reward varies and must be verified before publishing.,0,,Conditional birthday freebie,"Join program in advance; account activity, location, minimum spend, or redemption window may apply.",Unknown,Nationwide / participating locations,US,,,NO,,Candidate — official reward terms must be checked,2026-08-18,Medium,NO,Do not publish exact item/value until official terms are verified.
367,Crumbl — Birthday Reward Candidate,Crumbl,EAT FREE,Birthday / Loyalty,Potential birthday reward or free item through the brand's loyalty/email program. Exact reward varies and must be verified before publishing.,0,,Conditional birthday freebie,"Join program in advance; account activity, location, minimum spend, or redemption window may apply.",Unknown,Nationwide / participating locations,US,,,NO,,Candidate — official reward terms must be checked,2026-08-18,Medium,NO,Do not publish exact item/value until official terms are verified.
368,Cold Stone Club Rewards — Birthday Reward Candidate,Cold Stone Club Rewards,EAT FREE,Birthday / Loyalty,Potential birthday reward or free item through the brand's loyalty/email program. Exact reward varies and must be verified before publishing.,0,,Conditional birthday freebie,"Join program in advance; account activity, location, minimum spend, or redemption window may apply.",Unknown,Nationwide / participating locations,US,,,NO,,Candidate — official reward terms must be checked,2026-08-18,Medium,NO,Do not publish exact item/value until official terms are verified.
369,Ben & Jerry's Flavor Fanatics — Birthday Reward Candidate,Ben & Jerry's Flavor Fanatics,EAT FREE,Birthday / Loyalty,Potential birthday reward or free item through the brand's loyalty/email program. Exact reward varies and must be verified before publishing.,0,,Conditional birthday freebie,"Join program in advance; account activity, location, minimum spend, or redemption window may apply.",Unknown,Nationwide / participating locations,US,,,NO,,Candidate — official reward terms must be checked,2026-08-18,Medium,NO,Do not publish exact item/value until official terms are verified.
370,Pinkberry — Birthday Reward Candidate,Pinkberry,EAT FREE,Birthday / Loyalty,Potential birthday reward or free item through the brand's loyalty/email program. Exact reward varies and must be verified before publishing.,0,,Conditional birthday freebie,"Join program in advance; account activity, location, minimum spend, or redemption window may apply.",Unknown,Nationwide / participating locations,US,,,NO,,Candidate — official reward terms must be checked,2026-08-18,Medium,NO,Do not publish exact item/value until official terms are verified.
371,Yogurtland Real Rewards — Birthday Reward Candidate,Yogurtland Real Rewards,EAT FREE,Birthday / Loyalty,Potential birthday reward or free item through the brand's loyalty/email program. Exact reward varies and must be verified before publishing.,0,,Conditional birthday freebie,"Join program in advance; account activity, location, minimum spend, or redemption window may apply.",Unknown,Nationwide / participating locations,US,,,NO,,Candidate — official reward terms must be checked,2026-08-18,Medium,NO,Do not publish exact item/value until official terms are verified.
372,Menchie's mySmileage — Birthday Reward Candidate,Menchie's mySmileage,EAT FREE,Birthday / Loyalty,Potential birthday reward or free item through the brand's loyalty/email program. Exact reward varies and must be verified before publishing.,0,,Conditional birthday freebie,"Join program in advance; account activity, location, minimum spend, or redemption window may apply.",Unknown,Nationwide / participating locations,US,,,NO,,Candidate — official reward terms must be checked,2026-08-18,Medium,NO,Do not publish exact item/value until official terms are verified.
373,Jamba Rewards — Birthday Reward Candidate,Jamba Rewards,EAT FREE,Birthday / Loyalty,Potential birthday reward or free item through the brand's loyalty/email program. Exact reward varies and must be verified before publishing.,0,,Conditional birthday freebie,"Join program in advance; account activity, location, minimum spend, or redemption window may apply.",Unknown,Nationwide / participating locations,US,,,NO,,Candidate — official reward terms must be checked,2026-08-18,Medium,NO,Do not publish exact item/value until official terms are verified.
374,Smoothie King Healthy Rewards — Birthday Reward Candidate,Smoothie King Healthy Rewards,EAT FREE,Birthday / Loyalty,Potential birthday reward or free item through the brand's loyalty/email program. Exact reward varies and must be verified before publishing.,0,,Conditional birthday freebie,"Join program in advance; account activity, location, minimum spend, or redemption window may apply.",Unknown,Nationwide / participating locations,US,,,NO,,Candidate — official reward terms must be checked,2026-08-18,Medium,NO,Do not publish exact item/value until official terms are verified.
375,Tropical Smoothie Cafe Tropic Rewards — Birthday Reward Candidate,Tropical Smoothie Cafe Tropic Rewards,EAT FREE,Birthday / Loyalty,Potential birthday reward or free item through the brand's loyalty/email program. Exact reward varies and must be verified before publishing.,0,,Conditional birthday freebie,"Join program in advance; account activity, location, minimum spend, or redemption window may apply.",Unknown,Nationwide / participating locations,US,,,NO,,Candidate — official reward terms must be checked,2026-08-18,Medium,NO,Do not publish exact item/value until official terms are verified.
376,Auntie Anne's Rewards — Birthday Reward Candidate,Auntie Anne's Rewards,EAT FREE,Birthday / Loyalty,Potential birthday reward or free item through the brand's loyalty/email program. Exact reward varies and must be verified before publishing.,0,,Conditional birthday freebie,"Join program in advance; account activity, location, minimum spend, or redemption window may apply.",Unknown,Nationwide / participating locations,US,,,NO,,Candidate — official reward terms must be checked,2026-08-18,Medium,NO,Do not publish exact item/value until official terms are verified.
377,Cinnabon Rewards — Birthday Reward Candidate,Cinnabon Rewards,EAT FREE,Birthday / Loyalty,Potential birthday reward or free item through the brand's loyalty/email program. Exact reward varies and must be verified before publishing.,0,,Conditional birthday freebie,"Join program in advance; account activity, location, minimum spend, or redemption window may apply.",Unknown,Nationwide / participating locations,US,,,NO,,Candidate — official reward terms must be checked,2026-08-18,Medium,NO,Do not publish exact item/value until official terms are verified.
378,Wetzel's Pretzels Rewards — Birthday Reward Candidate,Wetzel's Pretzels Rewards,EAT FREE,Birthday / Loyalty,Potential birthday reward or free item through the brand's loyalty/email program. Exact reward varies and must be verified before publishing.,0,,Conditional birthday freebie,"Join program in advance; account activity, location, minimum spend, or redemption window may apply.",Unknown,Nationwide / participating locations,US,,,NO,,Candidate — official reward terms must be checked,2026-08-18,Medium,NO,Do not publish exact item/value until official terms are verified.
379,Einstein Bros. Bagels Rewards — Birthday Reward Candidate,Einstein Bros. Bagels Rewards,EAT FREE,Birthday / Loyalty,Potential birthday reward or free item through the brand's loyalty/email program. Exact reward varies and must be verified before publishing.,0,,Conditional birthday freebie,"Join program in advance; account activity, location, minimum spend, or redemption window may apply.",Unknown,Nationwide / participating locations,US,,,NO,,Candidate — official reward terms must be checked,2026-08-18,Medium,NO,Do not publish exact item/value until official terms are verified.
380,Bruegger's Bagels — Birthday Reward Candidate,Bruegger's Bagels,EAT FREE,Birthday / Loyalty,Potential birthday reward or free item through the brand's loyalty/email program. Exact reward varies and must be verified before publishing.,0,,Conditional birthday freebie,"Join program in advance; account activity, location, minimum spend, or redemption window may apply.",Unknown,Nationwide / participating locations,US,,,NO,,Candidate — official reward terms must be checked,2026-08-18,Medium,NO,Do not publish exact item/value until official terms are verified.
381,Corner Bakery Rewards — Birthday Reward Candidate,Corner Bakery Rewards,EAT FREE,Birthday / Loyalty,Potential birthday reward or free item through the brand's loyalty/email program. Exact reward varies and must be verified before publishing.,0,,Conditional birthday freebie,"Join program in advance; account activity, location, minimum spend, or redemption window may apply.",Unknown,Nationwide / participating locations,US,,,NO,,Candidate — official reward terms must be checked,2026-08-18,Medium,NO,Do not publish exact item/value until official terms are verified.
382,McAlister's Deli Rewards — Birthday Reward Candidate,McAlister's Deli Rewards,EAT FREE,Birthday / Loyalty,Potential birthday reward or free item through the brand's loyalty/email program. Exact reward varies and must be verified before publishing.,0,,Conditional birthday freebie,"Join program in advance; account activity, location, minimum spend, or redemption window may apply.",Unknown,Nationwide / participating locations,US,,,NO,,Candidate — official reward terms must be checked,2026-08-18,Medium,NO,Do not publish exact item/value until official terms are verified.
383,Schlotzsky's Rewards — Birthday Reward Candidate,Schlotzsky's Rewards,EAT FREE,Birthday / Loyalty,Potential birthday reward or free item through the brand's loyalty/email program. Exact reward varies and must be verified before publishing.,0,,Conditional birthday freebie,"Join program in advance; account activity, location, minimum spend, or redemption window may apply.",Unknown,Nationwide / participating locations,US,,,NO,,Candidate — official reward terms must be checked,2026-08-18,Medium,NO,Do not publish exact item/value until official terms are verified.
384,Jason's Deli — Birthday Reward Candidate,Jason's Deli,EAT FREE,Birthday / Loyalty,Potential birthday reward or free item through the brand's loyalty/email program. Exact reward varies and must be verified before publishing.,0,,Conditional birthday freebie,"Join program in advance; account activity, location, minimum spend, or redemption window may apply.",Unknown,Nationwide / participating locations,US,,,NO,,Candidate — official reward terms must be checked,2026-08-18,Medium,NO,Do not publish exact item/value until official terms are verified.
385,Potbelly Perks — Birthday Reward Candidate,Potbelly Perks,EAT FREE,Birthday / Loyalty,Potential birthday reward or free item through the brand's loyalty/email program. Exact reward varies and must be verified before publishing.,0,,Conditional birthday freebie,"Join program in advance; account activity, location, minimum spend, or redemption window may apply.",Unknown,Nationwide / participating locations,US,,,NO,,Candidate — official reward terms must be checked,2026-08-18,Medium,NO,Do not publish exact item/value until official terms are verified.
386,Which Wich Vibe Club — Birthday Reward Candidate,Which Wich Vibe Club,EAT FREE,Birthday / Loyalty,Potential birthday reward or free item through the brand's loyalty/email program. Exact reward varies and must be verified before publishing.,0,,Conditional birthday freebie,"Join program in advance; account activity, location, minimum spend, or redemption window may apply.",Unknown,Nationwide / participating locations,US,,,NO,,Candidate — official reward terms must be checked,2026-08-18,Medium,NO,Do not publish exact item/value until official terms are verified.
387,Quiznos Toasty Points — Birthday Reward Candidate,Quiznos Toasty Points,EAT FREE,Birthday / Loyalty,Potential birthday reward or free item through the brand's loyalty/email program. Exact reward varies and must be verified before publishing.,0,,Conditional birthday freebie,"Join program in advance; account activity, location, minimum spend, or redemption window may apply.",Unknown,Nationwide / participating locations,US,,,NO,,Candidate — official reward terms must be checked,2026-08-18,Medium,NO,Do not publish exact item/value until official terms are verified.
388,Jimmy John's Freaky Fast Rewards — Birthday Reward Candidate,Jimmy John's Freaky Fast Rewards,EAT FREE,Birthday / Loyalty,Potential birthday reward or free item through the brand's loyalty/email program. Exact reward varies and must be verified before publishing.,0,,Conditional birthday freebie,"Join program in advance; account activity, location, minimum spend, or redemption window may apply.",Unknown,Nationwide / participating locations,US,,,NO,,Candidate — official reward terms must be checked,2026-08-18,Medium,NO,Do not publish exact item/value until official terms are verified.
389,Subway MVP Rewards — Birthday Reward Candidate,Subway MVP Rewards,EAT FREE,Birthday / Loyalty,Potential birthday reward or free item through the brand's loyalty/email program. Exact reward varies and must be verified before publishing.,0,,Conditional birthday freebie,"Join program in advance; account activity, location, minimum spend, or redemption window may apply.",Unknown,Nationwide / participating locations,US,,,NO,,Candidate — official reward terms must be checked,2026-08-18,Medium,NO,Do not publish exact item/value until official terms are verified.
390,Arby's Rewards — Birthday Reward Candidate,Arby's Rewards,EAT FREE,Birthday / Loyalty,Potential birthday reward or free item through the brand's loyalty/email program. Exact reward varies and must be verified before publishing.,0,,Conditional birthday freebie,"Join program in advance; account activity, location, minimum spend, or redemption window may apply.",Unknown,Nationwide / participating locations,US,,,NO,,Candidate — official reward terms must be checked,2026-08-18,Medium,NO,Do not publish exact item/value until official terms are verified.
391,Wendy's Rewards — Birthday Reward Candidate,Wendy's Rewards,EAT FREE,Birthday / Loyalty,Potential birthday reward or free item through the brand's loyalty/email program. Exact reward varies and must be verified before publishing.,0,,Conditional birthday freebie,"Join program in advance; account activity, location, minimum spend, or redemption window may apply.",Unknown,Nationwide / participating locations,US,,,NO,,Candidate — official reward terms must be checked,2026-08-18,Medium,NO,Do not publish exact item/value until official terms are verified.
392,McDonald's Rewards — Birthday Reward Candidate,McDonald's Rewards,EAT FREE,Birthday / Loyalty,Potential birthday reward or free item through the brand's loyalty/email program. Exact reward varies and must be verified before publishing.,0,,Conditional birthday freebie,"Join program in advance; account activity, location, minimum spend, or redemption window may apply.",Unknown,Nationwide / participating locations,US,,,NO,,Candidate — official reward terms must be checked,2026-08-18,Medium,NO,Do not publish exact item/value until official terms are verified.
393,Burger King Royal Perks — Birthday Reward Candidate,Burger King Royal Perks,EAT FREE,Birthday / Loyalty,Potential birthday reward or free item through the brand's loyalty/email program. Exact reward varies and must be verified before publishing.,0,,Conditional birthday freebie,"Join program in advance; account activity, location, minimum spend, or redemption window may apply.",Unknown,Nationwide / participating locations,US,,,NO,,Candidate — official reward terms must be checked,2026-08-18,Medium,NO,Do not publish exact item/value until official terms are verified.
394,Jack in the Box Jack Pack — Birthday Reward Candidate,Jack in the Box Jack Pack,EAT FREE,Birthday / Loyalty,Potential birthday reward or free item through the brand's loyalty/email program. Exact reward varies and must be verified before publishing.,0,,Conditional birthday freebie,"Join program in advance; account activity, location, minimum spend, or redemption window may apply.",Unknown,Nationwide / participating locations,US,,,NO,,Candidate — official reward terms must be checked,2026-08-18,Medium,NO,Do not publish exact item/value until official terms are verified.
395,Carl's Jr. My Rewards — Birthday Reward Candidate,Carl's Jr. My Rewards,EAT FREE,Birthday / Loyalty,Potential birthday reward or free item through the brand's loyalty/email program. Exact reward varies and must be verified before publishing.,0,,Conditional birthday freebie,"Join program in advance; account activity, location, minimum spend, or redemption window may apply.",Unknown,Nationwide / participating locations,US,,,NO,,Candidate — official reward terms must be checked,2026-08-18,Medium,NO,Do not publish exact item/value until official terms are verified.
396,Hardee's My Rewards — Birthday Reward Candidate,Hardee's My Rewards,EAT FREE,Birthday / Loyalty,Potential birthday reward or free item through the brand's loyalty/email program. Exact reward varies and must be verified before publishing.,0,,Conditional birthday freebie,"Join program in advance; account activity, location, minimum spend, or redemption window may apply.",Unknown,Nationwide / participating locations,US,,,NO,,Candidate — official reward terms must be checked,2026-08-18,Medium,NO,Do not publish exact item/value until official terms are verified.
397,Sonic Rewards — Birthday Reward Candidate,Sonic Rewards,EAT FREE,Birthday / Loyalty,Potential birthday reward or free item through the brand's loyalty/email program. Exact reward varies and must be verified before publishing.,0,,Conditional birthday freebie,"Join program in advance; account activity, location, minimum spend, or redemption window may apply.",Unknown,Nationwide / participating locations,US,,,NO,,Candidate — official reward terms must be checked,2026-08-18,Medium,NO,Do not publish exact item/value until official terms are verified.
398,Whataburger Rewards — Birthday Reward Candidate,Whataburger Rewards,EAT FREE,Birthday / Loyalty,Potential birthday reward or free item through the brand's loyalty/email program. Exact reward varies and must be verified before publishing.,0,,Conditional birthday freebie,"Join program in advance; account activity, location, minimum spend, or redemption window may apply.",Unknown,Nationwide / participating locations,US,,,NO,,Candidate — official reward terms must be checked,2026-08-18,Medium,NO,Do not publish exact item/value until official terms are verified.
399,Culver's MyCulver's — Birthday Reward Candidate,Culver's MyCulver's,EAT FREE,Birthday / Loyalty,Potential birthday reward or free item through the brand's loyalty/email program. Exact reward varies and must be verified before publishing.,0,,Conditional birthday freebie,"Join program in advance; account activity, location, minimum spend, or redemption window may apply.",Unknown,Nationwide / participating locations,US,,,NO,,Candidate — official reward terms must be checked,2026-08-18,Medium,NO,Do not publish exact item/value until official terms are verified.
400,Freddy's Rewards — Birthday Reward Candidate,Freddy's Rewards,EAT FREE,Birthday / Loyalty,Potential birthday reward or free item through the brand's loyalty/email program. Exact reward varies and must be verified before publishing.,0,,Conditional birthday freebie,"Join program in advance; account activity, location, minimum spend, or redemption window may apply.",Unknown,Nationwide / participating locations,US,,,NO,,Candidate — official reward terms must be checked,2026-08-18,Medium,NO,Do not publish exact item/value until official terms are verified.
401,Steak 'n Shake Rewards — Birthday Reward Candidate,Steak 'n Shake Rewards,EAT FREE,Birthday / Loyalty,Potential birthday reward or free item through the brand's loyalty/email program. Exact reward varies and must be verified before publishing.,0,,Conditional birthday freebie,"Join program in advance; account activity, location, minimum spend, or redemption window may apply.",Unknown,Nationwide / participating locations,US,,,NO,,Candidate — official reward terms must be checked,2026-08-18,Medium,NO,Do not publish exact item/value until official terms are verified.
402,White Castle Craver Nation — Birthday Reward Candidate,White Castle Craver Nation,EAT FREE,Birthday / Loyalty,Potential birthday reward or free item through the brand's loyalty/email program. Exact reward varies and must be verified before publishing.,0,,Conditional birthday freebie,"Join program in advance; account activity, location, minimum spend, or redemption window may apply.",Unknown,Nationwide / participating locations,US,,,NO,,Candidate — official reward terms must be checked,2026-08-18,Medium,NO,Do not publish exact item/value until official terms are verified.
403,Del Taco Del Yeah! Rewards — Birthday Reward Candidate,Del Taco Del Yeah! Rewards,EAT FREE,Birthday / Loyalty,Potential birthday reward or free item through the brand's loyalty/email program. Exact reward varies and must be verified before publishing.,0,,Conditional birthday freebie,"Join program in advance; account activity, location, minimum spend, or redemption window may apply.",Unknown,Nationwide / participating locations,US,,,NO,,Candidate — official reward terms must be checked,2026-08-18,Medium,NO,Do not publish exact item/value until official terms are verified.
404,Taco Bell Rewards — Birthday Reward Candidate,Taco Bell Rewards,EAT FREE,Birthday / Loyalty,Potential birthday reward or free item through the brand's loyalty/email program. Exact reward varies and must be verified before publishing.,0,,Conditional birthday freebie,"Join program in advance; account activity, location, minimum spend, or redemption window may apply.",Unknown,Nationwide / participating locations,US,,,NO,,Candidate — official reward terms must be checked,2026-08-18,Medium,NO,Do not publish exact item/value until official terms are verified.
405,Moe Rewards — Birthday Reward Candidate,Moe Rewards,EAT FREE,Birthday / Loyalty,Potential birthday reward or free item through the brand's loyalty/email program. Exact reward varies and must be verified before publishing.,0,,Conditional birthday freebie,"Join program in advance; account activity, location, minimum spend, or redemption window may apply.",Unknown,Nationwide / participating locations,US,,,NO,,Candidate — official reward terms must be checked,2026-08-18,Medium,NO,Do not publish exact item/value until official terms are verified.
406,QDOBA Rewards — Birthday Reward Candidate,QDOBA Rewards,EAT FREE,Birthday / Loyalty,Potential birthday reward or free item through the brand's loyalty/email program. Exact reward varies and must be verified before publishing.,0,,Conditional birthday freebie,"Join program in advance; account activity, location, minimum spend, or redemption window may apply.",Unknown,Nationwide / participating locations,US,,,NO,,Candidate — official reward terms must be checked,2026-08-18,Medium,NO,Do not publish exact item/value until official terms are verified.
407,Chipotle Rewards — Birthday Reward Candidate,Chipotle Rewards,EAT FREE,Birthday / Loyalty,Potential birthday reward or free item through the brand's loyalty/email program. Exact reward varies and must be verified before publishing.,0,,Conditional birthday freebie,"Join program in advance; account activity, location, minimum spend, or redemption window may apply.",Unknown,Nationwide / participating locations,US,,,NO,,Candidate — official reward terms must be checked,2026-08-18,Medium,NO,Do not publish exact item/value until official terms are verified.
408,El Pollo Loco Loco Rewards — Birthday Reward Candidate,El Pollo Loco Loco Rewards,EAT FREE,Birthday / Loyalty,Potential birthday reward or free item through the brand's loyalty/email program. Exact reward varies and must be verified before publishing.,0,,Conditional birthday freebie,"Join program in advance; account activity, location, minimum spend, or redemption window may apply.",Unknown,Nationwide / participating locations,US,,,NO,,Candidate — official reward terms must be checked,2026-08-18,Medium,NO,Do not publish exact item/value until official terms are verified.
409,Rubio's Rewards — Birthday Reward Candidate,Rubio's Rewards,EAT FREE,Birthday / Loyalty,Potential birthday reward or free item through the brand's loyalty/email program. Exact reward varies and must be verified before publishing.,0,,Conditional birthday freebie,"Join program in advance; account activity, location, minimum spend, or redemption window may apply.",Unknown,Nationwide / participating locations,US,,,NO,,Candidate — official reward terms must be checked,2026-08-18,Medium,NO,Do not publish exact item/value until official terms are verified.
410,California Pizza Kitchen Rewards — Birthday Reward Candidate,California Pizza Kitchen Rewards,EAT FREE,Birthday / Loyalty,Potential birthday reward or free item through the brand's loyalty/email program. Exact reward varies and must be verified before publishing.,0,,Conditional birthday freebie,"Join program in advance; account activity, location, minimum spend, or redemption window may apply.",Unknown,Nationwide / participating locations,US,,,NO,,Candidate — official reward terms must be checked,2026-08-18,Medium,NO,Do not publish exact item/value until official terms are verified.
411,BJ's Premier Rewards Plus — Birthday Reward Candidate,BJ's Premier Rewards Plus,EAT FREE,Birthday / Loyalty,Potential birthday reward or free item through the brand's loyalty/email program. Exact reward varies and must be verified before publishing.,0,,Conditional birthday freebie,"Join program in advance; account activity, location, minimum spend, or redemption window may apply.",Unknown,Nationwide / participating locations,US,,,NO,,Candidate — official reward terms must be checked,2026-08-18,Medium,NO,Do not publish exact item/value until official terms are verified.
412,Yard House eClub — Birthday Reward Candidate,Yard House eClub,EAT FREE,Birthday / Loyalty,Potential birthday reward or free item through the brand's loyalty/email program. Exact reward varies and must be verified before publishing.,0,,Conditional birthday freebie,"Join program in advance; account activity, location, minimum spend, or redemption window may apply.",Unknown,Nationwide / participating locations,US,,,NO,,Candidate — official reward terms must be checked,2026-08-18,Medium,NO,Do not publish exact item/value until official terms are verified.
413,Olive Garden eClub — Birthday Reward Candidate,Olive Garden eClub,EAT FREE,Birthday / Loyalty,Potential birthday reward or free item through the brand's loyalty/email program. Exact reward varies and must be verified before publishing.,0,,Conditional birthday freebie,"Join program in advance; account activity, location, minimum spend, or redemption window may apply.",Unknown,Nationwide / participating locations,US,,,NO,,Candidate — official reward terms must be checked,2026-08-18,Medium,NO,Do not publish exact item/value until official terms are verified.
414,LongHorn Steakhouse eClub — Birthday Reward Candidate,LongHorn Steakhouse eClub,EAT FREE,Birthday / Loyalty,Potential birthday reward or free item through the brand's loyalty/email program. Exact reward varies and must be verified before publishing.,0,,Conditional birthday freebie,"Join program in advance; account activity, location, minimum spend, or redemption window may apply.",Unknown,Nationwide / participating locations,US,,,NO,,Candidate — official reward terms must be checked,2026-08-18,Medium,NO,Do not publish exact item/value until official terms are verified.
415,Cheddar's eClub — Birthday Reward Candidate,Cheddar's eClub,EAT FREE,Birthday / Loyalty,Potential birthday reward or free item through the brand's loyalty/email program. Exact reward varies and must be verified before publishing.,0,,Conditional birthday freebie,"Join program in advance; account activity, location, minimum spend, or redemption window may apply.",Unknown,Nationwide / participating locations,US,,,NO,,Candidate — official reward terms must be checked,2026-08-18,Medium,NO,Do not publish exact item/value until official terms are verified.
416,Outback Dine Rewards — Birthday Reward Candidate,Outback Dine Rewards,EAT FREE,Birthday / Loyalty,Potential birthday reward or free item through the brand's loyalty/email program. Exact reward varies and must be verified before publishing.,0,,Conditional birthday freebie,"Join program in advance; account activity, location, minimum spend, or redemption window may apply.",Unknown,Nationwide / participating locations,US,,,NO,,Candidate — official reward terms must be checked,2026-08-18,Medium,NO,Do not publish exact item/value until official terms are verified.
417,Carrabba's Dine Rewards — Birthday Reward Candidate,Carrabba's Dine Rewards,EAT FREE,Birthday / Loyalty,Potential birthday reward or free item through the brand's loyalty/email program. Exact reward varies and must be verified before publishing.,0,,Conditional birthday freebie,"Join program in advance; account activity, location, minimum spend, or redemption window may apply.",Unknown,Nationwide / participating locations,US,,,NO,,Candidate — official reward terms must be checked,2026-08-18,Medium,NO,Do not publish exact item/value until official terms are verified.
418,Bonefish Grill Dine Rewards — Birthday Reward Candidate,Bonefish Grill Dine Rewards,EAT FREE,Birthday / Loyalty,Potential birthday reward or free item through the brand's loyalty/email program. Exact reward varies and must be verified before publishing.,0,,Conditional birthday freebie,"Join program in advance; account activity, location, minimum spend, or redemption window may apply.",Unknown,Nationwide / participating locations,US,,,NO,,Candidate — official reward terms must be checked,2026-08-18,Medium,NO,Do not publish exact item/value until official terms are verified.
419,Texas Roadhouse VIP Club — Birthday Reward Candidate,Texas Roadhouse VIP Club,EAT FREE,Birthday / Loyalty,Potential birthday reward or free item through the brand's loyalty/email program. Exact reward varies and must be verified before publishing.,0,,Conditional birthday freebie,"Join program in advance; account activity, location, minimum spend, or redemption window may apply.",Unknown,Nationwide / participating locations,US,,,NO,,Candidate — official reward terms must be checked,2026-08-18,Medium,NO,Do not publish exact item/value until official terms are verified.
420,Chili's My Chili's Rewards — Birthday Reward Candidate,Chili's My Chili's Rewards,EAT FREE,Birthday / Loyalty,Potential birthday reward or free item through the brand's loyalty/email program. Exact reward varies and must be verified before publishing.,0,,Conditional birthday freebie,"Join program in advance; account activity, location, minimum spend, or redemption window may apply.",Unknown,Nationwide / participating locations,US,,,NO,,Candidate — official reward terms must be checked,2026-08-18,Medium,NO,Do not publish exact item/value until official terms are verified.
421,TGI Fridays Rewards — Birthday Reward Candidate,TGI Fridays Rewards,EAT FREE,Birthday / Loyalty,Potential birthday reward or free item through the brand's loyalty/email program. Exact reward varies and must be verified before publishing.,0,,Conditional birthday freebie,"Join program in advance; account activity, location, minimum spend, or redemption window may apply.",Unknown,Nationwide / participating locations,US,,,NO,,Candidate — official reward terms must be checked,2026-08-18,Medium,NO,Do not publish exact item/value until official terms are verified.
422,Applebee's Club Applebee's — Birthday Reward Candidate,Applebee's Club Applebee's,EAT FREE,Birthday / Loyalty,Potential birthday reward or free item through the brand's loyalty/email program. Exact reward varies and must be verified before publishing.,0,,Conditional birthday freebie,"Join program in advance; account activity, location, minimum spend, or redemption window may apply.",Unknown,Nationwide / participating locations,US,,,NO,,Candidate — official reward terms must be checked,2026-08-18,Medium,NO,Do not publish exact item/value until official terms are verified.
423,Ruby Tuesday Rewards — Birthday Reward Candidate,Ruby Tuesday Rewards,EAT FREE,Birthday / Loyalty,Potential birthday reward or free item through the brand's loyalty/email program. Exact reward varies and must be verified before publishing.,0,,Conditional birthday freebie,"Join program in advance; account activity, location, minimum spend, or redemption window may apply.",Unknown,Nationwide / participating locations,US,,,NO,,Candidate — official reward terms must be checked,2026-08-18,Medium,NO,Do not publish exact item/value until official terms are verified.
424,Hooters HootClub — Birthday Reward Candidate,Hooters HootClub,EAT FREE,Birthday / Loyalty,Potential birthday reward or free item through the brand's loyalty/email program. Exact reward varies and must be verified before publishing.,0,,Conditional birthday freebie,"Join program in advance; account activity, location, minimum spend, or redemption window may apply.",Unknown,Nationwide / participating locations,US,,,NO,,Candidate — official reward terms must be checked,2026-08-18,Medium,NO,Do not publish exact item/value until official terms are verified.
425,Famous Dave's Rewards — Birthday Reward Candidate,Famous Dave's Rewards,EAT FREE,Birthday / Loyalty,Potential birthday reward or free item through the brand's loyalty/email program. Exact reward varies and must be verified before publishing.,0,,Conditional birthday freebie,"Join program in advance; account activity, location, minimum spend, or redemption window may apply.",Unknown,Nationwide / participating locations,US,,,NO,,Candidate — official reward terms must be checked,2026-08-18,Medium,NO,Do not publish exact item/value until official terms are verified.
426,Smokey Bones Rewards — Birthday Reward Candidate,Smokey Bones Rewards,EAT FREE,Birthday / Loyalty,Potential birthday reward or free item through the brand's loyalty/email program. Exact reward varies and must be verified before publishing.,0,,Conditional birthday freebie,"Join program in advance; account activity, location, minimum spend, or redemption window may apply.",Unknown,Nationwide / participating locations,US,,,NO,,Candidate — official reward terms must be checked,2026-08-18,Medium,NO,Do not publish exact item/value until official terms are verified.
427,Noodles & Company Rewards — Birthday Reward Candidate,Noodles & Company Rewards,EAT FREE,Birthday / Loyalty,Potential birthday reward or free item through the brand's loyalty/email program. Exact reward varies and must be verified before publishing.,0,,Conditional birthday freebie,"Join program in advance; account activity, location, minimum spend, or redemption window may apply.",Unknown,Nationwide / participating locations,US,,,NO,,Candidate — official reward terms must be checked,2026-08-18,Medium,NO,Do not publish exact item/value until official terms are verified.
428,P.F. Chang's Rewards — Birthday Reward Candidate,P.F. Chang's Rewards,EAT FREE,Birthday / Loyalty,Potential birthday reward or free item through the brand's loyalty/email program. Exact reward varies and must be verified before publishing.,0,,Conditional birthday freebie,"Join program in advance; account activity, location, minimum spend, or redemption window may apply.",Unknown,Nationwide / participating locations,US,,,NO,,Candidate — official reward terms must be checked,2026-08-18,Medium,NO,Do not publish exact item/value until official terms are verified.
429,Pei Wei Rewards — Birthday Reward Candidate,Pei Wei Rewards,EAT FREE,Birthday / Loyalty,Potential birthday reward or free item through the brand's loyalty/email program. Exact reward varies and must be verified before publishing.,0,,Conditional birthday freebie,"Join program in advance; account activity, location, minimum spend, or redemption window may apply.",Unknown,Nationwide / participating locations,US,,,NO,,Candidate — official reward terms must be checked,2026-08-18,Medium,NO,Do not publish exact item/value until official terms are verified.
430,Panda Rewards — Birthday Reward Candidate,Panda Rewards,EAT FREE,Birthday / Loyalty,Potential birthday reward or free item through the brand's loyalty/email program. Exact reward varies and must be verified before publishing.,0,,Conditional birthday freebie,"Join program in advance; account activity, location, minimum spend, or redemption window may apply.",Unknown,Nationwide / participating locations,US,,,NO,,Candidate — official reward terms must be checked,2026-08-18,Medium,NO,Do not publish exact item/value until official terms are verified.
431,The Cheesecake Factory Cheesecake Rewards — Birthday Reward Candidate,The Cheesecake Factory Cheesecake Rewards,EAT FREE,Birthday / Loyalty,Potential birthday reward or free item through the brand's loyalty/email program. Exact reward varies and must be verified before publishing.,0,,Conditional birthday freebie,"Join program in advance; account activity, location, minimum spend, or redemption window may apply.",Unknown,Nationwide / participating locations,US,,,NO,,Candidate — official reward terms must be checked,2026-08-18,Medium,NO,Do not publish exact item/value until official terms are verified.
432,Seasons 52 eClub — Birthday Reward Candidate,Seasons 52 eClub,EAT FREE,Birthday / Loyalty,Potential birthday reward or free item through the brand's loyalty/email program. Exact reward varies and must be verified before publishing.,0,,Conditional birthday freebie,"Join program in advance; account activity, location, minimum spend, or redemption window may apply.",Unknown,Nationwide / participating locations,US,,,NO,,Candidate — official reward terms must be checked,2026-08-18,Medium,NO,Do not publish exact item/value until official terms are verified.
433,Benihana The Chef's Table — Birthday Reward Candidate,Benihana The Chef's Table,EAT FREE,Birthday / Loyalty,Potential birthday reward or free item through the brand's loyalty/email program. Exact reward varies and must be verified before publishing.,0,,Conditional birthday freebie,"Join program in advance; account activity, location, minimum spend, or redemption window may apply.",Unknown,Nationwide / participating locations,US,,,NO,,Candidate — official reward terms must be checked,2026-08-18,Medium,NO,Do not publish exact item/value until official terms are verified.
434,The Melting Pot Club Fondue — Birthday Reward Candidate,The Melting Pot Club Fondue,EAT FREE,Birthday / Loyalty,Potential birthday reward or free item through the brand's loyalty/email program. Exact reward varies and must be verified before publishing.,0,,Conditional birthday freebie,"Join program in advance; account activity, location, minimum spend, or redemption window may apply.",Unknown,Nationwide / participating locations,US,,,NO,,Candidate — official reward terms must be checked,2026-08-18,Medium,NO,Do not publish exact item/value until official terms are verified.
435,Maggiano's eClub — Birthday Reward Candidate,Maggiano's eClub,EAT FREE,Birthday / Loyalty,Potential birthday reward or free item through the brand's loyalty/email program. Exact reward varies and must be verified before publishing.,0,,Conditional birthday freebie,"Join program in advance; account activity, location, minimum spend, or redemption window may apply.",Unknown,Nationwide / participating locations,US,,,NO,,Candidate — official reward terms must be checked,2026-08-18,Medium,NO,Do not publish exact item/value until official terms are verified.
436,PINCHme — Free Product / Sample Opportunities,PINCHme,GET FREE,Samples / Product Testing,"Platform or program that periodically provides free samples, product tests, or research opportunities.",0,,Variable / application-based freebie,"Selection not guaranteed; profile, survey, review, content, or study participation may be required.",Unknown,Nationwide / eligibility varies,US,,,YES,https://www.pinchme.com/,Official platform URL — live campaigns vary,2026-08-18,Medium,YES,Treat individual campaigns as separate signals when available.
437,SampleSource — Free Product / Sample Opportunities,SampleSource,GET FREE,Samples / Product Testing,"Platform or program that periodically provides free samples, product tests, or research opportunities.",0,,Variable / application-based freebie,"Selection not guaranteed; profile, survey, review, content, or study participation may be required.",Unknown,Nationwide / eligibility varies,US,,,YES,https://www.samplesource.com/,Official platform URL — live campaigns vary,2026-08-18,Medium,YES,Treat individual campaigns as separate signals when available.
438,Influenster — Free Product / Sample Opportunities,Influenster,GET FREE,Samples / Product Testing,"Platform or program that periodically provides free samples, product tests, or research opportunities.",0,,Variable / application-based freebie,"Selection not guaranteed; profile, survey, review, content, or study participation may be required.",Unknown,Nationwide / eligibility varies,US,,,YES,https://www.influenster.com/,Official platform URL — live campaigns vary,2026-08-18,Medium,YES,Treat individual campaigns as separate signals when available.
439,BzzAgent — Free Product / Sample Opportunities,BzzAgent,GET FREE,Samples / Product Testing,"Platform or program that periodically provides free samples, product tests, or research opportunities.",0,,Variable / application-based freebie,"Selection not guaranteed; profile, survey, review, content, or study participation may be required.",Unknown,Nationwide / eligibility varies,US,,,YES,https://www.bzzagent.com/,Official platform URL — live campaigns vary,2026-08-18,Medium,YES,Treat individual campaigns as separate signals when available.
440,Home Tester Club — Free Product / Sample Opportunities,Home Tester Club,GET FREE,Samples / Product Testing,"Platform or program that periodically provides free samples, product tests, or research opportunities.",0,,Variable / application-based freebie,"Selection not guaranteed; profile, survey, review, content, or study participation may be required.",Unknown,Nationwide / eligibility varies,US,,,YES,https://www.hometesterclub.com/us/en,Official platform URL — live campaigns vary,2026-08-18,Medium,YES,Treat individual campaigns as separate signals when available.
441,Ripple Street — Free Product / Sample Opportunities,Ripple Street,GET FREE,Samples / Product Testing,"Platform or program that periodically provides free samples, product tests, or research opportunities.",0,,Variable / application-based freebie,"Selection not guaranteed; profile, survey, review, content, or study participation may be required.",Unknown,Nationwide / eligibility varies,US,,,YES,https://www.ripplestreet.com/,Official platform URL — live campaigns vary,2026-08-18,Medium,YES,Treat individual campaigns as separate signals when available.
442,Topbox Circle — Free Product / Sample Opportunities,Topbox Circle,GET FREE,Samples / Product Testing,"Platform or program that periodically provides free samples, product tests, or research opportunities.",0,,Variable / application-based freebie,"Selection not guaranteed; profile, survey, review, content, or study participation may be required.",Unknown,Nationwide / eligibility varies,US,,,YES,https://www.topboxcircle.com/,Official platform URL — live campaigns vary,2026-08-18,Medium,YES,Treat individual campaigns as separate signals when available.
443,Sampler — Free Product / Sample Opportunities,Sampler,GET FREE,Samples / Product Testing,"Platform or program that periodically provides free samples, product tests, or research opportunities.",0,,Variable / application-based freebie,"Selection not guaranteed; profile, survey, review, content, or study participation may be required.",Unknown,Nationwide / eligibility varies,US,,,YES,https://www.sampler.io/,Official platform URL — live campaigns vary,2026-08-18,Medium,YES,Treat individual campaigns as separate signals when available.
444,Social Nature — Free Product / Sample Opportunities,Social Nature,GET FREE,Samples / Product Testing,"Platform or program that periodically provides free samples, product tests, or research opportunities.",0,,Variable / application-based freebie,"Selection not guaranteed; profile, survey, review, content, or study participation may be required.",Unknown,Nationwide / eligibility varies,US,,,YES,https://www.socialnature.com/,Official platform URL — live campaigns vary,2026-08-18,Medium,YES,Treat individual campaigns as separate signals when available.
445,TryProducts — Free Product / Sample Opportunities,TryProducts,GET FREE,Samples / Product Testing,"Platform or program that periodically provides free samples, product tests, or research opportunities.",0,,Variable / application-based freebie,"Selection not guaranteed; profile, survey, review, content, or study participation may be required.",Unknown,Nationwide / eligibility varies,US,,,YES,https://tryproducts.com/,Official platform URL — live campaigns vary,2026-08-18,Medium,YES,Treat individual campaigns as separate signals when available.
446,Product Report Card — Free Product / Sample Opportunities,Product Report Card,GET FREE,Samples / Product Testing,"Platform or program that periodically provides free samples, product tests, or research opportunities.",0,,Variable / application-based freebie,"Selection not guaranteed; profile, survey, review, content, or study participation may be required.",Unknown,Nationwide / eligibility varies,US,,,YES,https://www.productreportcard.com/,Official platform URL — live campaigns vary,2026-08-18,Medium,YES,Treat individual campaigns as separate signals when available.
447,The Insiders — Free Product / Sample Opportunities,The Insiders,GET FREE,Samples / Product Testing,"Platform or program that periodically provides free samples, product tests, or research opportunities.",0,,Variable / application-based freebie,"Selection not guaranteed; profile, survey, review, content, or study participation may be required.",Unknown,Nationwide / eligibility varies,US,,,YES,https://www.theinsidersnet.com/,Official platform URL — live campaigns vary,2026-08-18,Medium,YES,Treat individual campaigns as separate signals when available.
448,Philips Product Tester — Free Product / Sample Opportunities,Philips Product Tester,GET FREE,Samples / Product Testing,"Platform or program that periodically provides free samples, product tests, or research opportunities.",0,,Variable / application-based freebie,"Selection not guaranteed; profile, survey, review, content, or study participation may be required.",Unknown,Nationwide / eligibility varies,US,,,YES,https://www.producttester.philips.com/,Official platform URL — live campaigns vary,2026-08-18,Medium,YES,Treat individual campaigns as separate signals when available.
449,L'Oréal Consumer Testing — Free Product / Sample Opportunities,L'Oréal Consumer Testing,GET FREE,Samples / Product Testing,"Platform or program that periodically provides free samples, product tests, or research opportunities.",0,,Variable / application-based freebie,"Selection not guaranteed; profile, survey, review, content, or study participation may be required.",Unknown,Nationwide / eligibility varies,US,,,YES,https://consumertesting.lorealusa.com/,Official platform URL — live campaigns vary,2026-08-18,Medium,YES,Treat individual campaigns as separate signals when available.
450,Nike Product Testing — Free Product / Sample Opportunities,Nike Product Testing,GET FREE,Samples / Product Testing,"Platform or program that periodically provides free samples, product tests, or research opportunities.",0,,Variable / application-based freebie,"Selection not guaranteed; profile, survey, review, content, or study participation may be required.",Unknown,Nationwide / eligibility varies,US,,,YES,https://producttesting.nike.com/,Official platform URL — live campaigns vary,2026-08-18,Medium,YES,Treat individual campaigns as separate signals when available.
451,adidas Product Testing — Free Product / Sample Opportunities,adidas Product Testing,GET FREE,Samples / Product Testing,"Platform or program that periodically provides free samples, product tests, or research opportunities.",0,,Variable / application-based freebie,"Selection not guaranteed; profile, survey, review, content, or study participation may be required.",Unknown,Nationwide / eligibility varies,US,,,YES,https://producttesting.adidas.com/,Official platform URL — live campaigns vary,2026-08-18,Medium,YES,Treat individual campaigns as separate signals when available.
452,Under Armour Field Testing — Free Product / Sample Opportunities,Under Armour Field Testing,GET FREE,Samples / Product Testing,"Platform or program that periodically provides free samples, product tests, or research opportunities.",0,,Variable / application-based freebie,"Selection not guaranteed; profile, survey, review, content, or study participation may be required.",Unknown,Nationwide / eligibility varies,US,,,YES,https://fieldtesting.underarmour.com/,Official platform URL — live campaigns vary,2026-08-18,Medium,YES,Treat individual campaigns as separate signals when available.
453,New Balance Wear Test — Free Product / Sample Opportunities,New Balance Wear Test,GET FREE,Samples / Product Testing,"Platform or program that periodically provides free samples, product tests, or research opportunities.",0,,Variable / application-based freebie,"Selection not guaranteed; profile, survey, review, content, or study participation may be required.",Unknown,Nationwide / eligibility varies,US,,,YES,https://product.testing.newbalance.com/,Official platform URL — live campaigns vary,2026-08-18,Medium,YES,Treat individual campaigns as separate signals when available.
454,McCormick Consumer Testing — Free Product / Sample Opportunities,McCormick Consumer Testing,GET FREE,Samples / Product Testing,"Platform or program that periodically provides free samples, product tests, or research opportunities.",0,,Variable / application-based freebie,"Selection not guaranteed; profile, survey, review, content, or study participation may be required.",Unknown,Nationwide / eligibility varies,US,,,YES,https://www.mccormickcorporation.com/,Official platform URL — live campaigns vary,2026-08-18,Medium,YES,Treat individual campaigns as separate signals when available.
455,P&G Good Everyday Samples/Rewards — Free Product / Sample Opportunities,P&G Good Everyday Samples/Rewards,GET FREE,Samples / Product Testing,"Platform or program that periodically provides free samples, product tests, or research opportunities.",0,,Variable / application-based freebie,"Selection not guaranteed; profile, survey, review, content, or study participation may be required.",Unknown,Nationwide / eligibility varies,US,,,YES,https://www.pggoodeveryday.com/,Official platform URL — live campaigns vary,2026-08-18,Medium,YES,Treat individual campaigns as separate signals when available.
456,Sephora Free Samples with qualifying activity candidate — Free Product / Sample Opportunities,Sephora Free Samples with qualifying activity candidate,GET FREE,Samples / Product Testing,"Platform or program that periodically provides free samples, product tests, or research opportunities.",0,,Variable / application-based freebie,"Selection not guaranteed; profile, survey, review, content, or study participation may be required.",Unknown,Nationwide / eligibility varies,US,,,YES,https://www.sephora.com/,Official platform URL — live campaigns vary,2026-08-18,Medium,YES,Treat individual campaigns as separate signals when available.
457,Ulta Beauty Samples/Promotions candidate — Free Product / Sample Opportunities,Ulta Beauty Samples/Promotions candidate,GET FREE,Samples / Product Testing,"Platform or program that periodically provides free samples, product tests, or research opportunities.",0,,Variable / application-based freebie,"Selection not guaranteed; profile, survey, review, content, or study participation may be required.",Unknown,Nationwide / eligibility varies,US,,,YES,https://www.ulta.com/,Official platform URL — live campaigns vary,2026-08-18,Medium,YES,Treat individual campaigns as separate signals when available.
458,Target Circle Free Sample/bonus candidate — Free Product / Sample Opportunities,Target Circle Free Sample/bonus candidate,GET FREE,Samples / Product Testing,"Platform or program that periodically provides free samples, product tests, or research opportunities.",0,,Variable / application-based freebie,"Selection not guaranteed; profile, survey, review, content, or study participation may be required.",Unknown,Nationwide / eligibility varies,US,,,YES,https://www.target.com/circle,Official platform URL — live campaigns vary,2026-08-18,Medium,YES,Treat individual campaigns as separate signals when available.
459,Walmart Beauty Box / sample programs check — Free Product / Sample Opportunities,Walmart Beauty Box / sample programs check,GET FREE,Samples / Product Testing,"Platform or program that periodically provides free samples, product tests, or research opportunities.",0,,Variable / application-based freebie,"Selection not guaranteed; profile, survey, review, content, or study participation may be required.",Unknown,Nationwide / eligibility varies,US,,,YES,https://www.walmart.com/,Official platform URL — live campaigns vary,2026-08-18,Medium,YES,Treat individual campaigns as separate signals when available.
460,Amazon Shopper Panel invitations — Free Product / Sample Opportunities,Amazon Shopper Panel invitations,GET FREE,Samples / Product Testing,"Platform or program that periodically provides free samples, product tests, or research opportunities.",0,,Variable / application-based freebie,"Selection not guaranteed; profile, survey, review, content, or study participation may be required.",Unknown,Nationwide / eligibility varies,US,,,YES,https://panel.amazon.com/,Official platform URL — live campaigns vary,2026-08-18,Medium,YES,Treat individual campaigns as separate signals when available.
461,Crowdtap — Free Product / Sample Opportunities,Crowdtap,GET FREE,Samples / Product Testing,"Platform or program that periodically provides free samples, product tests, or research opportunities.",0,,Variable / application-based freebie,"Selection not guaranteed; profile, survey, review, content, or study participation may be required.",Unknown,Nationwide / eligibility varies,US,,,YES,https://crowdtap.com/,Official platform URL — live campaigns vary,2026-08-18,Medium,YES,Treat individual campaigns as separate signals when available.
462,UserTesting Contributor — Free Product / Sample Opportunities,UserTesting Contributor,GET FREE,Samples / Product Testing,"Platform or program that periodically provides free samples, product tests, or research opportunities.",0,,Variable / application-based freebie,"Selection not guaranteed; profile, survey, review, content, or study participation may be required.",Unknown,Nationwide / eligibility varies,US,,,YES,https://www.usertesting.com/get-paid-to-test,Official platform URL — live campaigns vary,2026-08-18,Medium,YES,Treat individual campaigns as separate signals when available.
463,User Interviews Participant Studies — Free Product / Sample Opportunities,User Interviews Participant Studies,GET FREE,Samples / Product Testing,"Platform or program that periodically provides free samples, product tests, or research opportunities.",0,,Variable / application-based freebie,"Selection not guaranteed; profile, survey, review, content, or study participation may be required.",Unknown,Nationwide / eligibility varies,US,,,YES,https://www.userinterviews.com/,Official platform URL — live campaigns vary,2026-08-18,Medium,YES,Treat individual campaigns as separate signals when available.
464,Respondent Research Studies — Free Product / Sample Opportunities,Respondent Research Studies,GET FREE,Samples / Product Testing,"Platform or program that periodically provides free samples, product tests, or research opportunities.",0,,Variable / application-based freebie,"Selection not guaranteed; profile, survey, review, content, or study participation may be required.",Unknown,Nationwide / eligibility varies,US,,,YES,https://www.respondent.io/,Official platform URL — live campaigns vary,2026-08-18,Medium,YES,Treat individual campaigns as separate signals when available.
465,Prolific Research Participation — Free Product / Sample Opportunities,Prolific Research Participation,GET FREE,Samples / Product Testing,"Platform or program that periodically provides free samples, product tests, or research opportunities.",0,,Variable / application-based freebie,"Selection not guaranteed; profile, survey, review, content, or study participation may be required.",Unknown,Nationwide / eligibility varies,US,,,YES,https://www.prolific.com/participants,Official platform URL — live campaigns vary,2026-08-18,Medium,YES,Treat individual campaigns as separate signals when available.
466,Amazon Prime Free Trial — Trial / $0 Intro,Amazon Prime Free Trial,TRY FREE,Free Trial,Potential $0 introductory trial. Duration and eligibility can change.,0,,Free trial,New customers usually only; card and auto-renewal may be required. Verify duration and cancellation terms.,Unknown,Nationwide,US,,,YES,https://www.amazon.com/amazonprime,Candidate — verify current trial terms before publish,2026-08-18,Medium,NO,Card requirement must be checked before setting requires_card.
467,Amazon Music Unlimited Trial — Trial / $0 Intro,Amazon Music Unlimited Trial,TRY FREE,Free Trial,Potential $0 introductory trial. Duration and eligibility can change.,0,,Free trial,New customers usually only; card and auto-renewal may be required. Verify duration and cancellation terms.,Unknown,Nationwide,US,,,YES,https://www.amazon.com/music/unlimited,Candidate — verify current trial terms before publish,2026-08-18,Medium,NO,Card requirement must be checked before setting requires_card.
468,Audible Free Trial — Trial / $0 Intro,Audible Free Trial,TRY FREE,Free Trial,Potential $0 introductory trial. Duration and eligibility can change.,0,,Free trial,New customers usually only; card and auto-renewal may be required. Verify duration and cancellation terms.,Unknown,Nationwide,US,,,YES,https://www.audible.com/,Candidate — verify current trial terms before publish,2026-08-18,Medium,NO,Card requirement must be checked before setting requires_card.
469,Kindle Unlimited Free Trial — Trial / $0 Intro,Kindle Unlimited Free Trial,TRY FREE,Free Trial,Potential $0 introductory trial. Duration and eligibility can change.,0,,Free trial,New customers usually only; card and auto-renewal may be required. Verify duration and cancellation terms.,Unknown,Nationwide,US,,,YES,https://www.amazon.com/kindle-dbs/hz/subscribe/ku,Candidate — verify current trial terms before publish,2026-08-18,Medium,NO,Card requirement must be checked before setting requires_card.
470,Apple Music Trial — Trial / $0 Intro,Apple Music Trial,TRY FREE,Free Trial,Potential $0 introductory trial. Duration and eligibility can change.,0,,Free trial,New customers usually only; card and auto-renewal may be required. Verify duration and cancellation terms.,Unknown,Nationwide,US,,,YES,https://www.apple.com/apple-music/,Candidate — verify current trial terms before publish,2026-08-18,Medium,NO,Card requirement must be checked before setting requires_card.
471,Apple TV+ Trial — Trial / $0 Intro,Apple TV+ Trial,TRY FREE,Free Trial,Potential $0 introductory trial. Duration and eligibility can change.,0,,Free trial,New customers usually only; card and auto-renewal may be required. Verify duration and cancellation terms.,Unknown,Nationwide,US,,,YES,https://tv.apple.com/,Candidate — verify current trial terms before publish,2026-08-18,Medium,NO,Card requirement must be checked before setting requires_card.
472,Apple Arcade Trial — Trial / $0 Intro,Apple Arcade Trial,TRY FREE,Free Trial,Potential $0 introductory trial. Duration and eligibility can change.,0,,Free trial,New customers usually only; card and auto-renewal may be required. Verify duration and cancellation terms.,Unknown,Nationwide,US,,,YES,https://www.apple.com/apple-arcade/,Candidate — verify current trial terms before publish,2026-08-18,Medium,NO,Card requirement must be checked before setting requires_card.
473,YouTube Premium Trial — Trial / $0 Intro,YouTube Premium Trial,TRY FREE,Free Trial,Potential $0 introductory trial. Duration and eligibility can change.,0,,Free trial,New customers usually only; card and auto-renewal may be required. Verify duration and cancellation terms.,Unknown,Nationwide,US,,,YES,https://www.youtube.com/premium,Candidate — verify current trial terms before publish,2026-08-18,Medium,NO,Card requirement must be checked before setting requires_card.
474,YouTube Music Premium Trial — Trial / $0 Intro,YouTube Music Premium Trial,TRY FREE,Free Trial,Potential $0 introductory trial. Duration and eligibility can change.,0,,Free trial,New customers usually only; card and auto-renewal may be required. Verify duration and cancellation terms.,Unknown,Nationwide,US,,,YES,https://music.youtube.com/,Candidate — verify current trial terms before publish,2026-08-18,Medium,NO,Card requirement must be checked before setting requires_card.
475,Spotify Premium Trial — Trial / $0 Intro,Spotify Premium Trial,TRY FREE,Free Trial,Potential $0 introductory trial. Duration and eligibility can change.,0,,Free trial,New customers usually only; card and auto-renewal may be required. Verify duration and cancellation terms.,Unknown,Nationwide,US,,,YES,https://www.spotify.com/premium/,Candidate — verify current trial terms before publish,2026-08-18,Medium,NO,Card requirement must be checked before setting requires_card.
476,SiriusXM Trial — Trial / $0 Intro,SiriusXM Trial,TRY FREE,Free Trial,Potential $0 introductory trial. Duration and eligibility can change.,0,,Free trial,New customers usually only; card and auto-renewal may be required. Verify duration and cancellation terms.,Unknown,Nationwide,US,,,YES,https://www.siriusxm.com/,Candidate — verify current trial terms before publish,2026-08-18,Medium,NO,Card requirement must be checked before setting requires_card.
477,Pandora Premium Trial — Trial / $0 Intro,Pandora Premium Trial,TRY FREE,Free Trial,Potential $0 introductory trial. Duration and eligibility can change.,0,,Free trial,New customers usually only; card and auto-renewal may be required. Verify duration and cancellation terms.,Unknown,Nationwide,US,,,YES,https://www.pandora.com/plus,Candidate — verify current trial terms before publish,2026-08-18,Medium,NO,Card requirement must be checked before setting requires_card.
478,Tidal Trial — Trial / $0 Intro,Tidal Trial,TRY FREE,Free Trial,Potential $0 introductory trial. Duration and eligibility can change.,0,,Free trial,New customers usually only; card and auto-renewal may be required. Verify duration and cancellation terms.,Unknown,Nationwide,US,,,YES,https://tidal.com/,Candidate — verify current trial terms before publish,2026-08-18,Medium,NO,Card requirement must be checked before setting requires_card.
479,Qobuz Trial — Trial / $0 Intro,Qobuz Trial,TRY FREE,Free Trial,Potential $0 introductory trial. Duration and eligibility can change.,0,,Free trial,New customers usually only; card and auto-renewal may be required. Verify duration and cancellation terms.,Unknown,Nationwide,US,,,YES,https://www.qobuz.com/,Candidate — verify current trial terms before publish,2026-08-18,Medium,NO,Card requirement must be checked before setting requires_card.
480,Deezer Trial — Trial / $0 Intro,Deezer Trial,TRY FREE,Free Trial,Potential $0 introductory trial. Duration and eligibility can change.,0,,Free trial,New customers usually only; card and auto-renewal may be required. Verify duration and cancellation terms.,Unknown,Nationwide,US,,,YES,https://www.deezer.com/,Candidate — verify current trial terms before publish,2026-08-18,Medium,NO,Card requirement must be checked before setting requires_card.
481,Hulu Trial availability — Trial / $0 Intro,Hulu Trial availability,TRY FREE,Free Trial,Potential $0 introductory trial. Duration and eligibility can change.,0,,Free trial,New customers usually only; card and auto-renewal may be required. Verify duration and cancellation terms.,Unknown,Nationwide,US,,,YES,https://www.hulu.com/,Candidate — verify current trial terms before publish,2026-08-18,Medium,NO,Card requirement must be checked before setting requires_card.
482,Paramount+ Trial — Trial / $0 Intro,Paramount+ Trial,TRY FREE,Free Trial,Potential $0 introductory trial. Duration and eligibility can change.,0,,Free trial,New customers usually only; card and auto-renewal may be required. Verify duration and cancellation terms.,Unknown,Nationwide,US,,,YES,https://www.paramountplus.com/,Candidate — verify current trial terms before publish,2026-08-18,Medium,NO,Card requirement must be checked before setting requires_card.
483,Peacock Trial availability — Trial / $0 Intro,Peacock Trial availability,TRY FREE,Free Trial,Potential $0 introductory trial. Duration and eligibility can change.,0,,Free trial,New customers usually only; card and auto-renewal may be required. Verify duration and cancellation terms.,Unknown,Nationwide,US,,,YES,https://www.peacocktv.com/,Candidate — verify current trial terms before publish,2026-08-18,Medium,NO,Card requirement must be checked before setting requires_card.
484,Discovery+ Trial availability — Trial / $0 Intro,Discovery+ Trial availability,TRY FREE,Free Trial,Potential $0 introductory trial. Duration and eligibility can change.,0,,Free trial,New customers usually only; card and auto-renewal may be required. Verify duration and cancellation terms.,Unknown,Nationwide,US,,,YES,https://www.discoveryplus.com/,Candidate — verify current trial terms before publish,2026-08-18,Medium,NO,Card requirement must be checked before setting requires_card.
485,Fubo Trial — Trial / $0 Intro,Fubo Trial,TRY FREE,Free Trial,Potential $0 introductory trial. Duration and eligibility can change.,0,,Free trial,New customers usually only; card and auto-renewal may be required. Verify duration and cancellation terms.,Unknown,Nationwide,US,,,YES,https://www.fubo.tv/,Candidate — verify current trial terms before publish,2026-08-18,Medium,NO,Card requirement must be checked before setting requires_card.
486,YouTube TV Trial — Trial / $0 Intro,YouTube TV Trial,TRY FREE,Free Trial,Potential $0 introductory trial. Duration and eligibility can change.,0,,Free trial,New customers usually only; card and auto-renewal may be required. Verify duration and cancellation terms.,Unknown,Nationwide,US,,,YES,https://tv.youtube.com/,Candidate — verify current trial terms before publish,2026-08-18,Medium,NO,Card requirement must be checked before setting requires_card.
487,Philo Trial — Trial / $0 Intro,Philo Trial,TRY FREE,Free Trial,Potential $0 introductory trial. Duration and eligibility can change.,0,,Free trial,New customers usually only; card and auto-renewal may be required. Verify duration and cancellation terms.,Unknown,Nationwide,US,,,YES,https://www.philo.com/,Candidate — verify current trial terms before publish,2026-08-18,Medium,NO,Card requirement must be checked before setting requires_card.
488,Crunchyroll Trial — Trial / $0 Intro,Crunchyroll Trial,TRY FREE,Free Trial,Potential $0 introductory trial. Duration and eligibility can change.,0,,Free trial,New customers usually only; card and auto-renewal may be required. Verify duration and cancellation terms.,Unknown,Nationwide,US,,,YES,https://www.crunchyroll.com/,Candidate — verify current trial terms before publish,2026-08-18,Medium,NO,Card requirement must be checked before setting requires_card.
489,BritBox Trial — Trial / $0 Intro,BritBox Trial,TRY FREE,Free Trial,Potential $0 introductory trial. Duration and eligibility can change.,0,,Free trial,New customers usually only; card and auto-renewal may be required. Verify duration and cancellation terms.,Unknown,Nationwide,US,,,YES,https://www.britbox.com/,Candidate — verify current trial terms before publish,2026-08-18,Medium,NO,Card requirement must be checked before setting requires_card.
490,MUBI Trial — Trial / $0 Intro,MUBI Trial,TRY FREE,Free Trial,Potential $0 introductory trial. Duration and eligibility can change.,0,,Free trial,New customers usually only; card and auto-renewal may be required. Verify duration and cancellation terms.,Unknown,Nationwide,US,,,YES,https://mubi.com/,Candidate — verify current trial terms before publish,2026-08-18,Medium,NO,Card requirement must be checked before setting requires_card.
491,Shudder Trial — Trial / $0 Intro,Shudder Trial,TRY FREE,Free Trial,Potential $0 introductory trial. Duration and eligibility can change.,0,,Free trial,New customers usually only; card and auto-renewal may be required. Verify duration and cancellation terms.,Unknown,Nationwide,US,,,YES,https://www.shudder.com/,Candidate — verify current trial terms before publish,2026-08-18,Medium,NO,Card requirement must be checked before setting requires_card.
492,Scribd/Everand Trial — Trial / $0 Intro,Scribd/Everand Trial,TRY FREE,Free Trial,Potential $0 introductory trial. Duration and eligibility can change.,0,,Free trial,New customers usually only; card and auto-renewal may be required. Verify duration and cancellation terms.,Unknown,Nationwide,US,,,YES,https://www.everand.com/,Candidate — verify current trial terms before publish,2026-08-18,Medium,NO,Card requirement must be checked before setting requires_card.
493,Headspace Trial — Trial / $0 Intro,Headspace Trial,TRY FREE,Free Trial,Potential $0 introductory trial. Duration and eligibility can change.,0,,Free trial,New customers usually only; card and auto-renewal may be required. Verify duration and cancellation terms.,Unknown,Nationwide,US,,,YES,https://www.headspace.com/,Candidate — verify current trial terms before publish,2026-08-18,Medium,NO,Card requirement must be checked before setting requires_card.
494,Calm Trial — Trial / $0 Intro,Calm Trial,TRY FREE,Free Trial,Potential $0 introductory trial. Duration and eligibility can change.,0,,Free trial,New customers usually only; card and auto-renewal may be required. Verify duration and cancellation terms.,Unknown,Nationwide,US,,,YES,https://www.calm.com/,Candidate — verify current trial terms before publish,2026-08-18,Medium,NO,Card requirement must be checked before setting requires_card.
495,Strava Subscription Trial — Trial / $0 Intro,Strava Subscription Trial,TRY FREE,Free Trial,Potential $0 introductory trial. Duration and eligibility can change.,0,,Free trial,New customers usually only; card and auto-renewal may be required. Verify duration and cancellation terms.,Unknown,Nationwide,US,,,YES,https://www.strava.com/subscribe,Candidate — verify current trial terms before publish,2026-08-18,Medium,NO,Card requirement must be checked before setting requires_card.
496,Peloton App Trial — Trial / $0 Intro,Peloton App Trial,TRY FREE,Free Trial,Potential $0 introductory trial. Duration and eligibility can change.,0,,Free trial,New customers usually only; card and auto-renewal may be required. Verify duration and cancellation terms.,Unknown,Nationwide,US,,,YES,https://www.onepeloton.com/app,Candidate — verify current trial terms before publish,2026-08-18,Medium,NO,Card requirement must be checked before setting requires_card.
497,ClassPass Trial/credits check — Trial / $0 Intro,ClassPass Trial/credits check,TRY FREE,Free Trial,Potential $0 introductory trial. Duration and eligibility can change.,0,,Free trial,New customers usually only; card and auto-renewal may be required. Verify duration and cancellation terms.,Unknown,Nationwide,US,,,YES,https://classpass.com/,Candidate — verify current trial terms before publish,2026-08-18,Medium,NO,Card requirement must be checked before setting requires_card.
498,Adobe Creative Cloud Trial — Trial / $0 Intro,Adobe Creative Cloud Trial,TRY FREE,Free Trial,Potential $0 introductory trial. Duration and eligibility can change.,0,,Free trial,New customers usually only; card and auto-renewal may be required. Verify duration and cancellation terms.,Unknown,Nationwide,US,,,YES,https://www.adobe.com/creativecloud.html,Candidate — verify current trial terms before publish,2026-08-18,Medium,NO,Card requirement must be checked before setting requires_card.
499,Microsoft 365 Trial — Trial / $0 Intro,Microsoft 365 Trial,TRY FREE,Free Trial,Potential $0 introductory trial. Duration and eligibility can change.,0,,Free trial,New customers usually only; card and auto-renewal may be required. Verify duration and cancellation terms.,Unknown,Nationwide,US,,,YES,https://www.microsoft.com/microsoft-365/try,Candidate — verify current trial terms before publish,2026-08-18,Medium,NO,Card requirement must be checked before setting requires_card.
500,LinkedIn Premium Trial — Trial / $0 Intro,LinkedIn Premium Trial,TRY FREE,Free Trial,Potential $0 introductory trial. Duration and eligibility can change.,0,,Free trial,New customers usually only; card and auto-renewal may be required. Verify duration and cancellation terms.,Unknown,Nationwide,US,,,YES,https://www.linkedin.com/premium/,Candidate — verify current trial terms before publish,2026-08-18,Medium,NO,Card requirement must be checked before setting requires_card.
